task,method,sample_idx,score
gov_report,fullkv,0,18.181818181818183
gov_report,fullkv,1,13.670886075949367
gov_report,fullkv,2,17.41293532338308
gov_report,fullkv,3,13.531353135313532
gov_report,fullkv,4,16.435185185185183
gov_report,fullkv,5,13.129496402877699
gov_report,fullkv,6,11.940298507462687
gov_report,fullkv,7,13.371266002844951
gov_report,fullkv,8,16.25668449197861
gov_report,fullkv,9,12.408759124087592
gov_report,fullkv,10,12.765957446808512
gov_report,fullkv,11,25.87904360056259
gov_report,fullkv,12,17.100371747211895
gov_report,fullkv,13,15.479115479115476
gov_report,fullkv,14,18.506493506493506
gov_report,pyramidkv,0,20.673076923076927
gov_report,pyramidkv,1,16.29778672032193
gov_report,pyramidkv,2,14.986376021798364
gov_report,pyramidkv,3,10.925644916540211
gov_report,pyramidkv,4,20.969337289812067
gov_report,pyramidkv,5,14.666666666666666
gov_report,pyramidkv,6,15.48731642189586
gov_report,pyramidkv,7,16.756756756756754
gov_report,pyramidkv,8,12.549800796812752
gov_report,pyramidkv,9,15.151515151515152
gov_report,pyramidkv,10,15.594059405940595
gov_report,pyramidkv,11,18.876404494382022
gov_report,pyramidkv,12,14.874141876430205
gov_report,pyramidkv,13,15.917843388960204
gov_report,pyramidkv,14,24.03965303593556
gov_report,adakv,0,20.673076923076927
gov_report,adakv,1,16.29778672032193
gov_report,adakv,2,14.986376021798364
gov_report,adakv,3,10.925644916540211
gov_report,adakv,4,20.969337289812067
gov_report,adakv,5,14.666666666666666
gov_report,adakv,6,15.48731642189586
gov_report,adakv,7,16.756756756756754
gov_report,adakv,8,12.549800796812752
gov_report,adakv,9,15.151515151515152
gov_report,adakv,10,15.594059405940595
gov_report,adakv,11,18.876404494382022
gov_report,adakv,12,14.874141876430205
gov_report,adakv,13,15.917843388960204
gov_report,adakv,14,24.03965303593556
gov_report,streaming,0,19.225634178905207
gov_report,streaming,1,16.24874623871615
gov_report,streaming,2,14.13173652694611
gov_report,streaming,3,15.453194650817236
gov_report,streaming,4,18.010471204188484
gov_report,streaming,5,17.680454176804542
gov_report,streaming,6,21.939953810623557
gov_report,streaming,7,16.011235955056183
gov_report,streaming,8,12.741312741312743
gov_report,streaming,9,13.059250302297459
gov_report,streaming,10,17.518248175182478
gov_report,streaming,11,16.76505312868949
gov_report,streaming,12,15.436241610738252
gov_report,streaming,13,16.109045848822802
gov_report,streaming,14,17.30496453900709
gov_report,ours,0,16.024653312788907
gov_report,ours,1,16.020671834625322
gov_report,ours,2,15.801354401805867
gov_report,ours,3,9.868421052631579
gov_report,ours,4,21.909547738693465
gov_report,ours,5,14.485596707818932
gov_report,ours,6,18.207282913165265
gov_report,ours,7,15.32258064516129
gov_report,ours,8,12.063492063492061
gov_report,ours,9,15.533980582524274
gov_report,ours,10,16.470588235294116
gov_report,ours,11,16.8141592920354
gov_report,ours,12,17.475728155339805
gov_report,ours,13,14.519906323185014
gov_report,ours,14,21.74496644295302
gov_report,h2o,0,20.737327188940093
gov_report,h2o,1,15.148188803512621
gov_report,h2o,2,14.945652173913043
gov_report,h2o,3,10.0
gov_report,h2o,4,20.040899795501023
gov_report,h2o,5,15.92039800995025
gov_report,h2o,6,15.104895104895105
gov_report,h2o,7,14.500683994528044
gov_report,h2o,8,12.252964426877467
gov_report,h2o,9,12.328767123287673
gov_report,h2o,10,14.419225634178904
gov_report,h2o,11,19.25754060324826
gov_report,h2o,12,14.928649835345775
gov_report,h2o,13,15.686274509803921
gov_report,h2o,14,25.376884422110553
gov_report,snapkv,0,19.37046004842615
gov_report,snapkv,1,17.298347910592806
gov_report,snapkv,2,20.43132803632236
gov_report,snapkv,3,0.0
gov_report,snapkv,4,21.25506072874494
gov_report,snapkv,5,18.790849673202615
gov_report,snapkv,6,18.1592039800995
gov_report,snapkv,7,12.520593080724876
gov_report,snapkv,8,11.662531017369728
gov_report,snapkv,9,11.994784876140807
gov_report,snapkv,10,16.666666666666668
gov_report,snapkv,11,15.081206496519725
gov_report,snapkv,12,17.913385826771655
gov_report,snapkv,13,12.729498164014686
gov_report,snapkv,14,24.287484510532835
qmsum,fullkv,0,6.25
qmsum,fullkv,1,11.538461538461538
qmsum,fullkv,2,7.968127490039839
qmsum,fullkv,3,11.881188118811883
qmsum,fullkv,4,6.896551724137931
qmsum,fullkv,5,6.31578947368421
qmsum,fullkv,6,7.968127490039841
qmsum,fullkv,7,5.031446540880504
qmsum,fullkv,8,4.405286343612335
qmsum,fullkv,9,9.022556390977442
qmsum,fullkv,10,8.270676691729323
qmsum,fullkv,11,4.878048780487805
qmsum,fullkv,12,13.88888888888889
qmsum,fullkv,13,9.433962264150942
qmsum,fullkv,14,13.821138211382115
qmsum,pyramidkv,0,5.405405405405405
qmsum,pyramidkv,1,8.88888888888889
qmsum,pyramidkv,2,5.5096418732782375
qmsum,pyramidkv,3,12.903225806451612
qmsum,pyramidkv,4,4.411764705882352
qmsum,pyramidkv,5,7.142857142857142
qmsum,pyramidkv,6,10.572687224669602
qmsum,pyramidkv,7,2.564102564102564
qmsum,pyramidkv,8,6.956521739130435
qmsum,pyramidkv,9,8.433734939759036
qmsum,pyramidkv,10,8.602150537634408
qmsum,pyramidkv,11,3.785488958990536
qmsum,pyramidkv,12,7.5892857142857135
qmsum,pyramidkv,13,8.23529411764706
qmsum,pyramidkv,14,11.428571428571429
qmsum,adakv,0,5.405405405405405
qmsum,adakv,1,8.88888888888889
qmsum,adakv,2,5.5096418732782375
qmsum,adakv,3,12.903225806451612
qmsum,adakv,4,4.411764705882352
qmsum,adakv,5,7.142857142857142
qmsum,adakv,6,10.572687224669602
qmsum,adakv,7,2.564102564102564
qmsum,adakv,8,6.956521739130435
qmsum,adakv,9,6.083650190114068
qmsum,adakv,10,8.602150537634408
qmsum,adakv,11,3.785488958990536
qmsum,adakv,12,8.470588235294118
qmsum,adakv,13,8.23529411764706
qmsum,adakv,14,11.428571428571429
qmsum,streaming,0,5.673758865248227
qmsum,streaming,1,13.422818791946309
qmsum,streaming,2,5.172413793103448
qmsum,streaming,3,9.777777777777779
qmsum,streaming,4,4.145077720207254
qmsum,streaming,5,10.218978102189782
qmsum,streaming,6,7.303370786516854
qmsum,streaming,7,1.98019801980198
qmsum,streaming,8,2.711864406779661
qmsum,streaming,9,6.41025641025641
qmsum,streaming,10,8.620689655172413
qmsum,streaming,11,2.93398533007335
qmsum,streaming,12,10.256410256410255
qmsum,streaming,13,8.000000000000002
qmsum,streaming,14,9.777777777777777
qmsum,ours,0,7.282913165266107
qmsum,ours,1,7.909604519774012
qmsum,ours,2,5.714285714285714
qmsum,ours,3,14.634146341463417
qmsum,ours,4,6.0060060060060065
qmsum,ours,5,5.825242718446601
qmsum,ours,6,8.0
qmsum,ours,7,1.8518518518518516
qmsum,ours,8,5.333333333333333
qmsum,ours,9,8.383233532934131
qmsum,ours,10,5.665722379603399
qmsum,ours,11,3.0395136778115504
qmsum,ours,12,7.048458149779736
qmsum,ours,13,10.050251256281406
qmsum,ours,14,11.659192825112106
qmsum,h2o,0,4.678362573099415
qmsum,h2o,1,9.285714285714285
qmsum,h2o,2,6.944444444444444
qmsum,h2o,3,11.702127659574469
qmsum,h2o,4,3.7037037037037033
qmsum,h2o,5,5.3475935828877015
qmsum,h2o,6,9.424083769633507
qmsum,h2o,7,2.4390243902439024
qmsum,h2o,8,6.451612903225806
qmsum,h2o,9,4.929577464788732
qmsum,h2o,10,5.882352941176471
qmsum,h2o,11,3.6036036036036037
qmsum,h2o,12,8.463251670378618
qmsum,h2o,13,10.204081632653061
qmsum,h2o,14,9.09090909090909
qmsum,snapkv,0,8.0
qmsum,snapkv,1,13.496932515337424
qmsum,snapkv,2,5.882352941176471
qmsum,snapkv,3,8.30670926517572
qmsum,snapkv,4,4.137931034482759
qmsum,snapkv,5,5.245901639344262
qmsum,snapkv,6,5.513784461152882
qmsum,snapkv,7,1.5113350125944585
qmsum,snapkv,8,7.8431372549019605
qmsum,snapkv,9,0.0
qmsum,snapkv,10,7.547169811320756
qmsum,snapkv,11,4.477611940298507
qmsum,snapkv,12,7.3170731707317085
qmsum,snapkv,13,10.152284263959391
qmsum,snapkv,14,11.176470588235293
