task,budget,method,sample_idx,score,rep_ratio,collapsed,onset,dispersion_cv,max_gap,recent500_coverage
qmsum,0.2,streaming,0,5.925925925925926,0.0072992700729927005,0,20,26.617293453559125,4425.0,500
qmsum,0.2,streaming,1,11.518324607329845,0.012121212121212121,0,78,32.400500534092544,6560.0,500
qmsum,0.2,streaming,2,6.024096385542169,0.006535947712418301,0,18,44.62250544605369,12443.0,500
qmsum,0.2,streaming,3,11.111111111111112,0.0,0,,39.986398426337985,9992.0,500
qmsum,0.2,streaming,4,6.4,0.0,0,,35.885150641729865,8046.0,500
qmsum,0.2,streaming,5,5.0761421319796955,0.012345679012345678,0,56,45.26190700601117,12801.0,500
qmsum,0.2,streaming,6,11.956521739130435,0.02702702702702703,0,10,45.26190700601117,12801.0,500
qmsum,0.2,streaming,7,3.9215686274509802,0.012903225806451613,0,24,45.26190700601117,12801.0,500
qmsum,0.2,streaming,8,5.988023952095808,0.006289308176100629,0,66,45.26190700601117,12801.0,500
qmsum,0.2,streaming,9,3.448275862068966,0.0,0,,25.774413024938386,4149.0,500
qmsum,0.2,streaming,10,6.185567010309277,0.01948051948051948,0,38,45.26190700601117,12801.0,500
qmsum,0.2,streaming,11,6.329113924050632,0.012903225806451613,0,24,45.26190700601117,12801.0,500
qmsum,0.2,streaming,12,11.38211382113821,0.023529411764705882,0,28,40.7921572466064,10397.0,500
qmsum,0.2,streaming,13,6.7114093959731544,0.00980392156862745,0,19,40.731709280549616,10368.0,500
qmsum,0.2,streaming,14,13.496932515337424,0.0,0,,39.32470204188773,9664.0,500
qmsum,0.2,streaming,15,15.74074074074074,0.006289308176100629,0,44,34.44090987300646,7413.0,500
qmsum,0.2,streaming,16,14.634146341463417,0.0,0,,25.774413024938386,4149.0,500
qmsum,0.2,streaming,17,7.619047619047619,0.01948051948051948,0,38,45.26190700601117,12801.0,500
qmsum,0.2,streaming,18,6.779661016949152,0.013513513513513514,0,21,44.19013519847672,12203.0,500
qmsum,0.2,streaming,19,8.333333333333332,0.012903225806451613,0,24,45.26190700601117,12801.0,500
qmsum,0.2,streaming,20,9.16030534351145,0.011494252873563218,0,28,41.291938430225066,10654.0,500
qmsum,0.2,streaming,21,10.999999999999998,0.0,0,,45.26190700601117,12801.0,500
qmsum,0.2,streaming,22,4.571428571428571,0.012345679012345678,0,56,45.26190700601117,12801.0,500
qmsum,0.2,streaming,23,8.955223880597012,0.0,0,,39.986398426337985,9992.0,500
qmsum,0.2,streaming,24,16.379310344827587,0.0,0,,29.044522512988586,5270.0,500
qmsum,0.2,streaming,25,5.633802816901408,0.014598540145985401,0,16,29.26623283767186,5352.0,500
qmsum,0.2,streaming,26,12.359550561797752,0.011494252873563218,0,28,41.291938430225066,10654.0,500
qmsum,0.2,streaming,27,11.299435028248588,0.02702702702702703,0,10,45.26190700601117,12801.0,500
qmsum,0.2,streaming,28,8.780487804878048,0.018404907975460124,0,46,37.294935152515826,8692.0,500
qmsum,0.2,streaming,29,13.714285714285715,0.0,0,,25.774413024938386,4149.0,500
qmsum,0.2,streaming,30,14.159292035398233,0.012121212121212121,0,78,32.400500534092544,6560.0,500
qmsum,0.2,streaming,31,7.18562874251497,0.012903225806451613,0,53,45.26190700601117,12801.0,500
qmsum,0.2,streaming,32,10.21897810218978,0.0,0,,44.26827302616516,12245.0,500
qmsum,0.2,streaming,33,11.715481171548117,0.023529411764705882,0,28,40.7921572466064,10397.0,500
qmsum,0.2,streaming,34,4.878048780487805,0.0,0,,37.90852494833963,8981.0,500
qmsum,0.2,streaming,35,8.264462809917356,0.011494252873563218,0,28,41.291938430225066,10654.0,500
qmsum,0.2,streaming,36,11.267605633802818,0.011494252873563218,0,28,41.291938430225066,10654.0,500
qmsum,0.2,streaming,37,10.285714285714286,0.012903225806451613,0,53,45.26190700601117,12801.0,500
qmsum,0.2,streaming,38,7.894736842105263,0.00980392156862745,0,19,40.731709280549616,10368.0,500
qmsum,0.2,streaming,39,16.935483870967744,0.012121212121212121,0,78,32.400500534092544,6560.0,500
qmsum,0.2,streaming,40,9.395973154362416,0.0,0,,35.885150641729865,8046.0,500
qmsum,0.2,streaming,41,8.849557522123893,0.023529411764705882,0,28,40.7921572466064,10397.0,500
qmsum,0.2,streaming,42,8.284023668639053,0.013513513513513514,0,21,44.19013519847672,12203.0,500
qmsum,0.2,streaming,43,10.687022900763358,0.0,0,,35.735921330768456,7981.0,500
qmsum,0.2,streaming,44,4.026845637583892,0.0,0,,37.90852494833963,8981.0,500
qmsum,0.2,streaming,45,11.981566820276496,0.0,0,,32.15960499542382,6461.0,500
qmsum,0.2,streaming,46,9.467455621301776,0.0,0,,32.15960499542382,6461.0,500
qmsum,0.2,streaming,47,6.578947368421054,0.0072992700729927005,0,20,26.617293453559125,4425.0,500
qmsum,0.2,streaming,48,4.848484848484849,0.013513513513513514,0,21,44.19013519847672,12203.0,500
qmsum,0.2,streaming,49,6.956521739130435,0.023529411764705882,0,28,40.7921572466064,10397.0,500
qmsum,0.2,h2o,0,1.6666666666666667,0.8656716417910447,1,14,0.8873695530325245,35.0,128
qmsum,0.2,h2o,1,1.1764705882352942,0.8873239436619719,1,11,0.8848759186363098,33.0,125
qmsum,0.2,h2o,2,2.3391812865497075,0.9090909090909091,1,10,0.7124633885356539,43.0,125
qmsum,0.2,h2o,3,5.741626794258373,0.8054054054054054,1,22,0.8631548153815294,32.0,113
qmsum,0.2,h2o,4,2.4096385542168672,0.9230769230769231,1,4,0.8399306937276984,34.0,111
qmsum,0.2,h2o,5,1.0050251256281406,0.8850574712643678,1,7,0.6750904651988975,32.0,136
qmsum,0.2,h2o,6,5.797101449275363,0.0,0,,0.7192604825344833,34.0,111
qmsum,0.2,h2o,7,1.3157894736842106,0.8622754491017964,1,18,0.8406866158822661,33.0,117
qmsum,0.2,h2o,8,1.3333333333333333,0.9277777777777778,1,3,0.6892090653322247,32.0,109
qmsum,0.2,h2o,9,1.4492753623188406,0.946969696969697,1,3,0.8600847794000148,28.0,121
qmsum,0.2,h2o,10,0.0,0.9081081081081082,1,3,0.7112337590975574,28.0,123
qmsum,0.2,h2o,11,1.2738853503184713,0.8622754491017964,1,18,0.8406866158822661,33.0,117
qmsum,0.2,h2o,12,9.95475113122172,0.7903225806451613,1,7,0.8750067617674072,41.0,99
qmsum,0.2,h2o,13,3.1578947368421053,0.8950617283950617,1,5,0.879611321555927,33.0,120
qmsum,0.2,h2o,14,1.9417475728155338,0.9156626506024096,1,9,0.8512806723830468,31.0,117
qmsum,0.2,h2o,15,4.545454545454546,0.0,0,,0.9037617739036616,36.0,120
qmsum,0.2,h2o,16,2.7586206896551726,0.946969696969697,1,3,0.8600847794000148,28.0,121
qmsum,0.2,h2o,17,4.926108374384236,0.9081081081081082,1,3,0.7112337590975574,28.0,123
qmsum,0.2,h2o,18,1.1049723756906076,0.9391891891891891,1,3,0.9072073613719128,44.0,97
qmsum,0.2,h2o,19,2.094240837696335,0.8622754491017964,1,18,0.8406866158822661,33.0,117
qmsum,0.2,h2o,20,2.380952380952381,0.9090909090909091,1,7,0.9053831149510365,43.0,106
qmsum,0.2,h2o,21,3.75586854460094,0.907608695652174,1,9,0.8769936591365176,38.0,97
qmsum,0.2,h2o,22,0.0,0.8850574712643678,1,7,0.6750904651988975,32.0,136
qmsum,0.2,h2o,23,5.154639175257731,0.8054054054054054,1,22,0.8631548153815294,32.0,113
qmsum,0.2,h2o,24,2.0408163265306127,0.0,0,,0.8671519682195394,36.0,111
qmsum,0.2,h2o,25,0.0,0.9125,1,5,0.9029874673566974,34.0,124
qmsum,0.2,h2o,26,2.7906976744186043,0.9090909090909091,1,7,0.9053831149510365,43.0,106
qmsum,0.2,h2o,27,3.225806451612903,0.0,0,,0.7192604825344833,34.0,111
qmsum,0.2,h2o,28,1.8779342723004695,0.923469387755102,1,8,0.8936234181592033,44.0,128
qmsum,0.2,h2o,29,1.0152284263959392,0.946969696969697,1,3,0.8600847794000148,28.0,121
qmsum,0.2,h2o,30,0.9756097560975608,0.8873239436619719,1,11,0.8848759186363098,33.0,125
qmsum,0.2,h2o,31,2.631578947368421,0.898876404494382,1,9,0.8589955396068336,58.0,105
qmsum,0.2,h2o,32,5.747126436781609,0.8342541436464088,1,7,0.8509977165395194,31.0,122
qmsum,0.2,h2o,33,7.476635514018691,0.7903225806451613,1,7,0.8750067617674072,41.0,99
qmsum,0.2,h2o,34,2.325581395348837,0.7934782608695652,1,7,0.7844426316659905,34.0,119
qmsum,0.2,h2o,35,1.2658227848101267,0.9090909090909091,1,7,0.9053831149510365,43.0,106
qmsum,0.2,h2o,36,4.4692737430167595,0.9090909090909091,1,7,0.9053831149510365,43.0,106
qmsum,0.2,h2o,37,2.5,0.898876404494382,1,9,0.8589955396068336,58.0,105
qmsum,0.2,h2o,38,4.1450777202072535,0.8950617283950617,1,5,0.879611321555927,33.0,120
qmsum,0.2,h2o,39,2.6431718061674006,0.8873239436619719,1,11,0.8848759186363098,33.0,125
qmsum,0.2,h2o,40,4.2105263157894735,0.9230769230769231,1,4,0.8399306937276984,34.0,111
qmsum,0.2,h2o,41,3.9800995024875623,0.7903225806451613,1,7,0.8750067617674072,41.0,99
qmsum,0.2,h2o,42,1.1560693641618496,0.9391891891891891,1,3,0.9072073613719128,44.0,97
qmsum,0.2,h2o,43,0.0,0.9085365853658537,1,10,0.8513160451091203,40.0,121
qmsum,0.2,h2o,44,1.2738853503184713,0.7934782608695652,1,7,0.7844426316659905,34.0,119
qmsum,0.2,h2o,45,1.8779342723004695,0.9127906976744186,1,8,0.9166497364177336,40.0,103
qmsum,0.2,h2o,46,1.2121212121212122,0.9127906976744186,1,8,0.9166497364177336,40.0,103
qmsum,0.2,h2o,47,2.9197080291970803,0.8656716417910447,1,14,0.8873695530325245,35.0,128
qmsum,0.2,h2o,48,0.0,0.9391891891891891,1,3,0.9072073613719128,44.0,97
qmsum,0.2,h2o,49,0.975609756097561,0.7903225806451613,1,7,0.8750067617674072,41.0,99
qmsum,0.2,snapkv,0,0.0,0.0,0,,1.7127058744471324,79.0,139
qmsum,0.2,snapkv,1,0.0,0.0,0,,1.7880622733397677,77.0,125
qmsum,0.2,snapkv,2,1.6949152542372885,0.9595959595959596,1,7,1.6068278318286855,85.0,139
qmsum,0.2,snapkv,3,0.0,0.0,0,,1.6639470832016654,86.0,105
qmsum,0.2,snapkv,4,1.5037593984962405,0.9696969696969697,1,0,1.6067062719772218,97.0,118
qmsum,0.2,snapkv,5,0.0,0.0,0,,1.6539865932540416,76.0,170
qmsum,0.2,snapkv,6,0.0,0.0,0,,1.6698141394730486,102.0,101
qmsum,0.2,snapkv,7,0.0,0.9545454545454546,1,5,1.615640147888611,83.0,115
qmsum,0.2,snapkv,8,0.0,0.0,0,,1.6691099170769066,88.0,128
qmsum,0.2,snapkv,9,5.0,0.0,0,,1.5224796380332386,58.0,131
qmsum,0.2,snapkv,10,0.0,0.9595959595959596,1,7,1.7145331202031884,92.0,160
qmsum,0.2,snapkv,11,1.1627906976744187,0.9545454545454546,1,5,1.615640147888611,83.0,115
qmsum,0.2,snapkv,12,4.464285714285714,0.9797979797979798,1,1,1.6177152868034055,84.0,131
qmsum,0.2,snapkv,13,0.0,0.0,0,,1.5714028863783036,77.0,132
qmsum,0.2,snapkv,14,2.631578947368421,0.0,0,,1.6078671700866003,71.0,149
qmsum,0.2,snapkv,15,8.290155440414509,0.8511904761904762,1,19,1.7513441583239768,100.0,138
qmsum,0.2,snapkv,16,4.25531914893617,0.0,0,,1.5224796380332386,58.0,131
qmsum,0.2,snapkv,17,2.985074626865672,0.9595959595959596,1,7,1.7145331202031884,92.0,160
qmsum,0.2,snapkv,18,0.0,0.0,0,,1.6144639038629307,72.0,104
qmsum,0.2,snapkv,19,1.9417475728155338,0.9545454545454546,1,5,1.615640147888611,83.0,115
qmsum,0.2,snapkv,20,0.0,0.9306930693069307,1,5,1.591836613988633,79.0,112
qmsum,0.2,snapkv,21,0.0,0.0,0,,1.5265461888613423,73.0,132
qmsum,0.2,snapkv,22,0.0,0.0,0,,1.6539865932540416,76.0,170
qmsum,0.2,snapkv,23,3.1746031746031744,0.0,0,,1.6639470832016654,86.0,105
qmsum,0.2,snapkv,24,0.0,0.0,0,,1.6835914668738032,54.0,141
qmsum,0.2,snapkv,25,5.88235294117647,0.9696969696969697,1,5,1.7138504906929324,90.0,136
qmsum,0.2,snapkv,26,0.9803921568627451,0.9306930693069307,1,5,1.591836613988633,79.0,112
qmsum,0.2,snapkv,27,0.0,0.0,0,,1.6698141394730486,102.0,101
qmsum,0.2,snapkv,28,0.0,0.0,0,,1.7161504908034564,90.0,130
qmsum,0.2,snapkv,29,0.0,0.0,0,,1.5224796380332386,58.0,131
qmsum,0.2,snapkv,30,0.0,0.0,0,,1.7880622733397677,77.0,125
qmsum,0.2,snapkv,31,0.0,0.9595959595959596,1,4,1.5231831501006823,80.0,99
qmsum,0.2,snapkv,32,0.0,0.0,0,,1.6096835667164267,69.0,136
qmsum,0.2,snapkv,33,1.8433179723502304,0.9797979797979798,1,1,1.6177152868034055,84.0,131
qmsum,0.2,snapkv,34,0.0,0.98989898989899,1,1,1.7300681956953792,102.0,107
qmsum,0.2,snapkv,35,0.0,0.9306930693069307,1,5,1.591836613988633,79.0,112
qmsum,0.2,snapkv,36,0.0,0.9306930693069307,1,5,1.591836613988633,79.0,112
qmsum,0.2,snapkv,37,0.8403361344537816,0.9595959595959596,1,4,1.5231831501006823,80.0,99
qmsum,0.2,snapkv,38,0.0,0.0,0,,1.5714028863783036,77.0,132
qmsum,0.2,snapkv,39,0.0,0.0,0,,1.7880622733397677,77.0,125
qmsum,0.2,snapkv,40,3.821656050955414,0.9696969696969697,1,0,1.6067062719772218,97.0,118
qmsum,0.2,snapkv,41,1.96078431372549,0.9797979797979798,1,1,1.6177152868034055,84.0,131
qmsum,0.2,snapkv,42,0.0,0.0,0,,1.6144639038629307,72.0,104
qmsum,0.2,snapkv,43,0.0,0.0,0,,1.7015299137057596,118.0,99
qmsum,0.2,snapkv,44,0.0,0.98989898989899,1,1,1.7300681956953792,102.0,107
qmsum,0.2,snapkv,45,0.0,0.0,0,,1.666525085571315,75.0,90
qmsum,0.2,snapkv,46,0.0,0.0,0,,1.666525085571315,75.0,90
qmsum,0.2,snapkv,47,0.0,0.0,0,,1.7127058744471324,79.0,139
qmsum,0.2,snapkv,48,0.0,0.0,0,,1.6144639038629307,72.0,104
qmsum,0.2,snapkv,49,0.0,0.9797979797979798,1,1,1.6177152868034055,84.0,131
qmsum,0.2,pyramidkv,0,2.8368794326241136,0.9156626506024096,1,3,0.8931081314297583,35.0,139
qmsum,0.2,pyramidkv,1,1.1764705882352942,0.8873239436619719,1,11,0.8950001154227496,33.0,135
qmsum,0.2,pyramidkv,2,2.3391812865497075,0.9272727272727272,1,7,0.7162278378189153,43.0,137
qmsum,0.2,pyramidkv,3,2.6548672566371683,0.9065934065934066,1,2,0.8648982204544203,32.0,122
qmsum,0.2,pyramidkv,4,1.0204081632653061,0.8895705521472392,1,13,0.8441859637530218,34.0,122
qmsum,0.2,pyramidkv,5,1.0050251256281406,0.8850574712643678,1,7,0.6777531928500916,32.0,148
qmsum,0.2,pyramidkv,6,0.0,0.949438202247191,1,0,0.7221413836644063,34.0,121
qmsum,0.2,pyramidkv,7,0.0,0.0,0,,0.8429450500472979,33.0,131
qmsum,0.2,pyramidkv,8,1.3986013986013988,0.949438202247191,1,0,0.693262350793953,32.0,121
qmsum,0.2,pyramidkv,9,1.3157894736842104,0.9432624113475178,1,3,0.8655125617980957,28.0,130
qmsum,0.2,pyramidkv,10,0.0,0.949438202247191,1,0,0.7136214565173674,28.0,134
qmsum,0.2,pyramidkv,11,6.25,0.0,0,,0.8429450500472979,33.0,131
qmsum,0.2,pyramidkv,12,8.510638297872342,0.7551020408163265,1,7,0.8787456512451172,41.0,112
qmsum,0.2,pyramidkv,13,0.0,0.949685534591195,1,3,0.8835003379389558,33.0,133
qmsum,0.2,pyramidkv,14,1.9417475728155338,0.9156626506024096,1,9,0.856655040087661,31.0,131
qmsum,0.2,pyramidkv,15,6.382978723404256,0.0,0,,0.9104538568273476,36.0,133
qmsum,0.2,pyramidkv,16,2.5157232704402515,0.9432624113475178,1,3,0.8655125617980957,28.0,130
qmsum,0.2,pyramidkv,17,1.0526315789473684,0.949438202247191,1,0,0.7136214565173674,28.0,134
qmsum,0.2,pyramidkv,18,3.0769230769230766,0.0,0,,0.911089293110122,44.0,112
qmsum,0.2,pyramidkv,19,6.0606060606060606,0.0,0,,0.8429450500472979,33.0,131
qmsum,0.2,pyramidkv,20,6.25,0.0,0,,0.9077870007768103,43.0,118
qmsum,0.2,pyramidkv,21,0.0,0.0,0,,0.8800546702480061,38.0,111
qmsum,0.2,pyramidkv,22,0.0,0.8850574712643678,1,7,0.6777531928500916,32.0,148
qmsum,0.2,pyramidkv,23,1.8957345971563981,0.9065934065934066,1,2,0.8648982204544203,32.0,122
qmsum,0.2,pyramidkv,24,2.0408163265306127,0.0,0,,0.8693583933041936,36.0,121
qmsum,0.2,pyramidkv,25,2.0,0.9104477611940298,1,9,0.9102845899762703,34.0,136
qmsum,0.2,pyramidkv,26,3.6036036036036037,0.0,0,,0.9077870007768103,43.0,118
qmsum,0.2,pyramidkv,27,0.0,0.949438202247191,1,0,0.7221413836644063,34.0,121
qmsum,0.2,pyramidkv,28,0.9803921568627451,0.9325842696629213,1,3,0.8980243861260627,44.0,140
qmsum,0.2,pyramidkv,29,2.843601895734597,0.9432624113475178,1,3,0.8655125617980957,28.0,130
qmsum,0.2,pyramidkv,30,0.9756097560975608,0.8873239436619719,1,11,0.8950001154227496,33.0,135
qmsum,0.2,pyramidkv,31,2.3391812865497075,0.949438202247191,1,0,0.8621930641630362,58.0,120
qmsum,0.2,pyramidkv,32,5.128205128205128,0.0,0,,0.8567608833312989,31.0,136
qmsum,0.2,pyramidkv,33,7.017543859649122,0.7551020408163265,1,7,0.8787456512451172,41.0,112
qmsum,0.2,pyramidkv,34,0.0,0.8315789473684211,1,7,0.7970013522398941,34.0,130
qmsum,0.2,pyramidkv,35,3.703703703703704,0.0,0,,0.9077870007768103,43.0,118
qmsum,0.2,pyramidkv,36,2.666666666666667,0.0,0,,0.9077870007768103,43.0,118
qmsum,0.2,pyramidkv,37,2.2346368715083798,0.949438202247191,1,0,0.8621930641630362,58.0,120
qmsum,0.2,pyramidkv,38,0.0,0.949685534591195,1,3,0.8835003379389558,33.0,133
qmsum,0.2,pyramidkv,39,2.6431718061674006,0.8873239436619719,1,11,0.8950001154227496,33.0,135
qmsum,0.2,pyramidkv,40,8.18181818181818,0.8895705521472392,1,13,0.8441859637530218,34.0,122
qmsum,0.2,pyramidkv,41,5.5813953488372094,0.7551020408163265,1,7,0.8787456512451172,41.0,112
qmsum,0.2,pyramidkv,42,0.0,0.0,0,,0.911089293110122,44.0,112
qmsum,0.2,pyramidkv,43,2.395209580838323,0.9113924050632911,1,10,0.855993332766794,40.0,130
qmsum,0.2,pyramidkv,44,2.1505376344086025,0.8315789473684211,1,7,0.7970013522398941,34.0,130
qmsum,0.2,pyramidkv,45,1.8779342723004695,0.9127906976744186,1,8,0.9223374366760254,40.0,113
qmsum,0.2,pyramidkv,46,1.2121212121212122,0.9127906976744186,1,8,0.9223374366760254,40.0,113
qmsum,0.2,pyramidkv,47,2.5316455696202533,0.9156626506024096,1,3,0.8931081314297583,35.0,139
qmsum,0.2,pyramidkv,48,3.7735849056603774,0.0,0,,0.911089293110122,44.0,112
qmsum,0.2,pyramidkv,49,3.65296803652968,0.7551020408163265,1,7,0.8787456512451172,41.0,112
qmsum,0.2,adakv,0,2.8368794326241136,0.9156626506024096,1,3,0.8931081314297583,35.0,139
qmsum,0.2,adakv,1,1.1764705882352942,0.8873239436619719,1,11,0.8950001154227496,33.0,135
qmsum,0.2,adakv,2,2.3391812865497075,0.9272727272727272,1,7,0.7162278378189153,43.0,137
qmsum,0.2,adakv,3,2.6548672566371683,0.9065934065934066,1,2,0.8648982204544203,32.0,122
qmsum,0.2,adakv,4,1.0204081632653061,0.8895705521472392,1,13,0.8441859637530218,34.0,122
qmsum,0.2,adakv,5,1.0050251256281406,0.8850574712643678,1,7,0.6777531928500916,32.0,148
qmsum,0.2,adakv,6,0.0,0.949438202247191,1,0,0.7221413836644063,34.0,121
qmsum,0.2,adakv,7,0.0,0.0,0,,0.8429450500472979,33.0,131
qmsum,0.2,adakv,8,1.3986013986013988,0.949438202247191,1,0,0.693262350793953,32.0,121
qmsum,0.2,adakv,9,1.3157894736842104,0.9432624113475178,1,3,0.8657726321344206,28.0,130
qmsum,0.2,adakv,10,0.0,0.949438202247191,1,0,0.7136214565173674,28.0,134
qmsum,0.2,adakv,11,6.25,0.0,0,,0.8429450500472979,33.0,131
qmsum,0.2,adakv,12,8.510638297872342,0.7551020408163265,1,7,0.8790109683261165,41.0,112
qmsum,0.2,adakv,13,0.0,0.949685534591195,1,3,0.8835003379389558,33.0,133
qmsum,0.2,adakv,14,1.9417475728155338,0.9156626506024096,1,9,0.856655040087661,31.0,131
qmsum,0.2,adakv,15,6.382978723404256,0.0,0,,0.9104538568273476,36.0,133
qmsum,0.2,adakv,16,2.5157232704402515,0.9432624113475178,1,3,0.8657726321344206,28.0,130
qmsum,0.2,adakv,17,1.0526315789473684,0.949438202247191,1,0,0.7136214565173674,28.0,134
qmsum,0.2,adakv,18,3.0769230769230766,0.0,0,,0.911089293110122,44.0,112
qmsum,0.2,adakv,19,6.0606060606060606,0.0,0,,0.8429450500472979,33.0,131
qmsum,0.2,adakv,20,6.25,0.0,0,,0.9077870007768103,43.0,118
qmsum,0.2,adakv,21,0.0,0.0,0,,0.8800546702480061,38.0,111
qmsum,0.2,adakv,22,0.0,0.8850574712643678,1,7,0.6777531928500916,32.0,148
qmsum,0.2,adakv,23,1.8957345971563981,0.9065934065934066,1,2,0.8648982204544203,32.0,122
qmsum,0.2,adakv,24,2.0408163265306127,0.0,0,,0.8693583933041936,36.0,121
qmsum,0.2,adakv,25,2.0,0.9104477611940298,1,9,0.9102845899762703,34.0,136
qmsum,0.2,adakv,26,3.6036036036036037,0.0,0,,0.9077870007768103,43.0,118
qmsum,0.2,adakv,27,0.0,0.949438202247191,1,0,0.7221413836644063,34.0,121
qmsum,0.2,adakv,28,0.9803921568627451,0.9325842696629213,1,3,0.8980243861260627,44.0,140
qmsum,0.2,adakv,29,2.843601895734597,0.9432624113475178,1,3,0.8657726321344206,28.0,130
qmsum,0.2,adakv,30,0.9756097560975608,0.8873239436619719,1,11,0.8950001154227496,33.0,135
qmsum,0.2,adakv,31,2.3391812865497075,0.949438202247191,1,0,0.8621930641630362,58.0,120
qmsum,0.2,adakv,32,4.733727810650888,0.8922155688622755,1,7,0.8569388540874858,31.0,136
qmsum,0.2,adakv,33,7.017543859649122,0.7551020408163265,1,7,0.8790109683261165,41.0,112
qmsum,0.2,adakv,34,0.0,0.8315789473684211,1,7,0.7970013522398941,34.0,130
qmsum,0.2,adakv,35,3.703703703703704,0.0,0,,0.9077870007768103,43.0,118
qmsum,0.2,adakv,36,2.666666666666667,0.0,0,,0.9077870007768103,43.0,118
qmsum,0.2,adakv,37,2.2346368715083798,0.949438202247191,1,0,0.8621930641630362,58.0,120
qmsum,0.2,adakv,38,0.0,0.949685534591195,1,3,0.8835003379389558,33.0,133
qmsum,0.2,adakv,39,2.6431718061674006,0.8873239436619719,1,11,0.8950001154227496,33.0,135
qmsum,0.2,adakv,40,8.18181818181818,0.8895705521472392,1,13,0.8441859637530218,34.0,122
qmsum,0.2,adakv,41,5.5813953488372094,0.7551020408163265,1,7,0.8790109683261165,41.0,112
qmsum,0.2,adakv,42,0.0,0.0,0,,0.911089293110122,44.0,112
qmsum,0.2,adakv,43,2.395209580838323,0.9113924050632911,1,10,0.855993332766794,40.0,130
qmsum,0.2,adakv,44,2.1505376344086025,0.8315789473684211,1,7,0.7970013522398941,34.0,130
qmsum,0.2,adakv,45,1.8779342723004695,0.9127906976744186,1,8,0.9226628455357248,40.0,113
qmsum,0.2,adakv,46,1.2121212121212122,0.9127906976744186,1,8,0.9226628455357248,40.0,113
qmsum,0.2,adakv,47,2.5316455696202533,0.9156626506024096,1,3,0.8931081314297583,35.0,139
qmsum,0.2,adakv,48,3.7735849056603774,0.0,0,,0.911089293110122,44.0,112
qmsum,0.2,adakv,49,3.65296803652968,0.7551020408163265,1,7,0.8790109683261165,41.0,112
qmsum,0.2,ours,0,2.2598870056497176,0.7513513513513513,1,25,1.7350057577645823,155.0,230
qmsum,0.2,ours,1,0.0,0.9310344827586207,1,4,1.5471744224713022,105.0,215
qmsum,0.2,ours,2,10.945273631840797,0.7978723404255319,1,8,1.4426547096083477,156.0,229
qmsum,0.2,ours,3,11.872146118721458,0.7341040462427746,1,16,2.3089613672385783,450.0,212
qmsum,0.2,ours,4,1.0204081632653061,0.8957055214723927,1,9,1.765736136813581,164.0,231
qmsum,0.2,ours,5,1.5873015873015872,0.7830188679245284,1,13,1.6452821678525815,174.0,221
qmsum,0.2,ours,6,3.1746031746031735,0.9343434343434344,1,3,1.5018560486235897,134.0,198
qmsum,0.2,ours,7,4.371584699453552,0.08571428571428572,0,136,1.8047983664940486,222.0,208
qmsum,0.2,ours,8,5.88235294117647,0.0,0,,1.3823463026511655,70.0,233
qmsum,0.2,ours,9,2.2988505747126435,0.850828729281768,1,12,1.5758417275554433,100.0,207
qmsum,0.2,ours,10,4.830917874396136,0.7692307692307693,1,30,1.6066035493114037,163.0,229
qmsum,0.2,ours,11,4.25531914893617,0.08571428571428572,0,136,1.8047983664940486,222.0,208
qmsum,0.2,ours,12,11.363636363636363,0.7421052631578947,1,25,2.095152258783309,297.0,216
qmsum,0.2,ours,13,10.714285714285715,0.19230769230769232,0,13,1.914269188647006,229.0,216
qmsum,0.2,ours,14,16.74418604651163,0.5428571428571428,1,19,1.5782674667665775,115.0,234
qmsum,0.2,ours,15,11.023622047244094,0.1206896551724138,0,10,1.7450791768673146,132.0,233
qmsum,0.2,ours,16,3.314917127071823,0.850828729281768,1,12,1.5758417275554433,100.0,207
qmsum,0.2,ours,17,7.174887892376682,0.7692307692307693,1,30,1.6066035493114037,163.0,229
qmsum,0.2,ours,18,1.932367149758454,0.9080459770114943,1,8,1.5064845439080752,103.0,205
qmsum,0.2,ours,19,8.108108108108109,0.08571428571428572,0,136,1.8047983664940486,222.0,208
qmsum,0.2,ours,20,3.278688524590164,0.8765432098765432,1,6,1.6058712853124093,127.0,229
qmsum,0.2,ours,21,2.666666666666667,0.14285714285714285,0,4,2.1412150020930154,308.0,231
qmsum,0.2,ours,22,1.9230769230769231,0.7830188679245284,1,13,1.6452821678525815,174.0,221
qmsum,0.2,ours,23,10.784313725490197,0.7341040462427746,1,16,2.3089613672385783,450.0,212
qmsum,0.2,ours,24,3.65296803652968,0.8795180722891566,1,2,1.679848311853881,164.0,229
qmsum,0.2,ours,25,4.444444444444445,0.9285714285714286,1,2,1.8246261790343545,145.0,221
qmsum,0.2,ours,26,4.3478260869565215,0.8765432098765432,1,6,1.6058712853124093,127.0,229
qmsum,0.2,ours,27,2.1978021978021975,0.9343434343434344,1,3,1.5018560486235897,134.0,198
qmsum,0.2,ours,28,2.8368794326241136,0.7956989247311828,1,13,2.091522086870924,198.0,235
qmsum,0.2,ours,29,3.4334763948497855,0.850828729281768,1,12,1.5758417275554433,100.0,207
qmsum,0.2,ours,30,0.0,0.9310344827586207,1,4,1.5471744224713022,105.0,215
qmsum,0.2,ours,31,1.0101010101010102,0.9395604395604396,1,0,2.3651760403354776,366.0,228
qmsum,0.2,ours,32,6.741573033707865,0.4431818181818182,1,19,1.8228755498774318,210.0,246
qmsum,0.2,ours,33,11.673151750972762,0.7421052631578947,1,25,2.095152258783309,297.0,216
qmsum,0.2,ours,34,2.051282051282051,0.9325842696629213,1,3,1.5809244712310915,130.0,213
qmsum,0.2,ours,35,3.4682080924855496,0.8765432098765432,1,6,1.6058712853124093,127.0,229
qmsum,0.2,ours,36,2.0618556701030926,0.8765432098765432,1,6,1.6058712853124093,127.0,229
qmsum,0.2,ours,37,3.8834951456310685,0.9395604395604396,1,0,2.3651760403354776,366.0,228
qmsum,0.2,ours,38,11.695906432748536,0.19230769230769232,0,13,1.914269188647006,229.0,216
qmsum,0.2,ours,39,5.02092050209205,0.9310344827586207,1,4,1.5471744224713022,105.0,215
qmsum,0.2,ours,40,8.18181818181818,0.8957055214723927,1,9,1.765736136813581,164.0,231
qmsum,0.2,ours,41,9.01639344262295,0.7421052631578947,1,25,2.095152258783309,297.0,216
qmsum,0.2,ours,42,0.0,0.9080459770114943,1,8,1.5064845439080752,103.0,205
qmsum,0.2,ours,43,0.0,0.8902439024390244,1,7,2.265675470821365,231.0,215
qmsum,0.2,ours,44,1.1111111111111114,0.9325842696629213,1,3,1.5809244712310915,130.0,213
qmsum,0.2,ours,45,6.956521739130435,0.8602150537634409,1,10,1.8792490431824886,146.0,220
qmsum,0.2,ours,46,3.296703296703296,0.8602150537634409,1,10,1.8792490431824886,146.0,220
qmsum,0.2,ours,47,2.0618556701030926,0.7513513513513513,1,25,1.7350057577645823,155.0,230
qmsum,0.2,ours,48,2.0512820512820515,0.9080459770114943,1,8,1.5064845439080752,103.0,205
qmsum,0.2,ours,49,5.645161290322581,0.7421052631578947,1,25,2.095152258783309,297.0,216
gov_report,0.2,streaming,0,16.25,0.037267080745341616,0,81,30.705835783446418,5891.0,500
gov_report,0.2,streaming,1,18.272841051314142,0.01948051948051948,0,29,32.14965321524874,6457.0,500
gov_report,0.2,streaming,2,10.447761194029848,0.013793103448275862,0,48,45.26190700601117,12801.0,500
gov_report,0.2,streaming,3,13.26352530541012,0.006493506493506494,0,13,45.26190700601117,12801.0,500
gov_report,0.2,streaming,4,12.787723785166241,0.015267175572519083,0,18,40.965155747722335,10486.0,500
gov_report,0.2,streaming,5,12.44019138755981,0.03184713375796178,0,35,45.01448902091078,12662.0,500
gov_report,0.2,streaming,6,16.7427701674277,0.0,0,,39.74639820465793,9873.0,500
gov_report,0.2,streaming,7,13.993174061433447,0.021897810218978103,0,32,45.26190700601117,12801.0,500
gov_report,0.2,streaming,8,9.394313967861558,0.006993006993006993,0,66,38.85563137831465,9433.0,500
gov_report,0.2,streaming,9,14.135338345864662,0.033112582781456956,0,16,45.26190700601117,12801.0,500
gov_report,0.2,streaming,10,11.80327868852459,0.0,0,,32.82341022197119,6733.0,500
gov_report,0.2,streaming,11,14.26448736998514,0.012987012987012988,0,61,28.879892742362987,5211.0,500
gov_report,0.2,streaming,12,11.436541143654114,0.02054794520547945,0,65,31.304445454251436,6123.0,500
gov_report,0.2,streaming,13,13.65079365079365,0.02962962962962963,0,0,41.14442796526698,10578.0,500
gov_report,0.2,streaming,14,12.681159420289854,0.007246376811594203,0,48,31.781255327700762,6311.0,500
gov_report,0.2,streaming,15,18.120805369127517,0.1282051282051282,0,2,21.348175449671558,2846.0,500
gov_report,0.2,streaming,16,9.06801007556675,0.0,0,,19.233320586085526,2309.0,500
gov_report,0.2,streaming,17,11.78082191780822,0.035211267605633804,0,7,20.446239425360044,2611.0,500
gov_report,0.2,streaming,18,13.80597014925373,0.017699115044247787,0,16,27.550685845714757,4741.0,500
gov_report,0.2,streaming,19,16.184971098265898,0.1411042944785276,0,33,34.478053066436004,7429.0,500
gov_report,0.2,streaming,20,13.65079365079365,0.012658227848101266,0,25,42.91759613062896,11509.0,500
gov_report,0.2,streaming,21,12.057667103538662,0.01282051282051282,0,65,39.8717936364116,9933.0,500
gov_report,0.2,streaming,22,14.947683109118087,0.006622516556291391,0,101,39.75927525744132,9877.0,500
gov_report,0.2,streaming,23,17.257318952234208,0.013422818791946308,0,22,24.752222537172358,3828.0,500
gov_report,0.2,streaming,24,14.088397790055248,0.1917808219178082,0,50,29.08966118789608,5287.0,500
gov_report,0.2,streaming,25,13.693693693693692,0.013793103448275862,0,69,36.4452497622976,8301.0,500
gov_report,0.2,streaming,26,15.08295625942685,0.006211180124223602,0,28,41.67147904459028,10852.0,500
gov_report,0.2,streaming,27,12.859097127222983,0.012987012987012988,0,67,39.58424070399532,9792.0,500
gov_report,0.2,streaming,28,12.15323645970938,0.0,0,,35.1199137228303,7707.0,500
gov_report,0.2,streaming,29,14.207650273224044,0.0,0,,28.35207896301863,5021.0,500
gov_report,0.2,streaming,30,9.043927648578812,0.0,0,,44.98675724476977,12647.0,500
gov_report,0.2,streaming,31,9.056603773584907,0.0457516339869281,0,31,28.86659656226277,5205.0,500
gov_report,0.2,streaming,32,10.281923714759536,0.00847457627118644,0,44,32.67684505407648,6673.0,500
gov_report,0.2,streaming,33,13.554987212276215,0.039473684210526314,0,21,32.239112085985106,6493.0,500
gov_report,0.2,streaming,34,14.771048744460858,0.0273972602739726,0,2,44.26827302616516,12245.0,500
gov_report,0.2,streaming,35,13.72854914196568,0.006329113924050633,0,9,42.25636133250118,11157.0,500
gov_report,0.2,streaming,36,18.32460732984293,0.011560693641618497,0,29,27.329109196293707,4665.0,500
gov_report,0.2,streaming,37,17.672413793103445,0.013245033112582781,0,46,36.08346119389447,8137.0,500
gov_report,0.2,streaming,38,14.746543778801843,0.030534351145038167,0,14,45.26190700601117,12801.0,500
gov_report,0.2,streaming,39,13.83399209486166,0.015748031496062992,0,21,18.59722667965162,2161.0,500
gov_report,0.2,streaming,40,11.970802919708028,0.0,0,,42.29648122962243,11180.0,500
gov_report,0.2,streaming,41,13.063063063063062,0.023255813953488372,0,73,34.4576309475111,7419.0,500
gov_report,0.2,streaming,42,13.079019073569484,0.006802721088435374,0,8,33.468316516673795,6999.0,500
gov_report,0.2,streaming,43,15.54054054054054,0.015151515151515152,0,59,45.26190700601117,12801.0,500
gov_report,0.2,streaming,44,16.551724137931036,0.00684931506849315,0,15,32.86238250174042,6749.0,500
gov_report,0.2,streaming,45,11.464968152866243,0.016129032258064516,0,24,45.26190700601117,12801.0,500
gov_report,0.2,streaming,46,12.622720897615707,0.0,0,,28.855508365385532,5201.0,500
gov_report,0.2,streaming,47,23.133235724743773,0.09701492537313433,0,13,23.008880191850626,3307.0,500
gov_report,0.2,streaming,48,14.711033274956216,0.021739130434782608,0,27,33.55235038381939,7033.0,500
gov_report,0.2,streaming,49,8.073394495412845,0.0,0,,29.146805186480965,5309.0,500
gov_report,0.2,h2o,0,11.075949367088606,0.7978723404255319,1,1,0.8973864304966594,46.0,116
gov_report,0.2,h2o,1,2.083333333333333,0.5592105263157895,1,8,0.913572199276915,44.0,127
gov_report,0.2,h2o,2,9.927007299270073,0.9230769230769231,1,6,0.982351892929195,75.0,127
gov_report,0.2,h2o,3,3.9215686274509802,0.9191919191919192,1,3,0.9809248456758913,44.0,129
gov_report,0.2,h2o,4,0.3003003003003003,0.0,0,,0.839652352130362,27.0,114
gov_report,0.2,h2o,5,2.5500910746812386,0.979381443298969,1,3,0.8892804711578911,46.0,119
gov_report,0.2,h2o,6,13.946587537091986,0.8888888888888888,1,0,0.8370814818629821,36.0,131
gov_report,0.2,h2o,7,0.0,0.98989898989899,1,1,0.9373693296359908,43.0,110
gov_report,0.2,h2o,8,11.166253101736972,0.54375,1,40,0.8688825781879468,32.0,110
gov_report,0.2,h2o,9,14.177978883861236,0.8579234972677595,1,11,0.8348190180876975,33.0,113
gov_report,0.2,h2o,10,9.30232558139535,0.8279569892473119,1,10,0.7993365739222629,33.0,127
gov_report,0.2,h2o,11,4.979253112033195,0.8928571428571429,1,20,0.9116062388344853,36.0,118
gov_report,0.2,h2o,12,0.2557544757033248,0.98989898989899,1,1,0.9484759605142358,29.0,111
gov_report,0.2,h2o,13,20.09273570324575,0.9470588235294117,1,3,0.9626381421612542,44.0,78
gov_report,0.2,h2o,14,12.451361867704279,0.7216494845360825,1,10,0.901479835520193,36.0,118
gov_report,0.2,h2o,15,13.571428571428573,0.8936170212765957,1,0,0.9130792522191664,27.0,114
gov_report,0.2,h2o,16,3.4993270524899063,0.924812030075188,1,0,0.8885299512716311,29.0,118
gov_report,0.2,h2o,17,3.7410071942446046,0.924812030075188,1,0,0.9711552697204358,37.0,108
gov_report,0.2,h2o,18,9.62962962962963,0.9393939393939394,1,3,1.0006407418058687,37.0,99
gov_report,0.2,h2o,19,4.127579737335835,0.9336734693877551,1,8,1.0303121778916207,40.0,121
gov_report,0.2,h2o,20,13.945578231292515,0.9285714285714286,1,1,0.8773158132083433,47.0,110
gov_report,0.2,h2o,21,1.7341040462427744,0.9538461538461539,1,2,0.8849037340795087,36.0,140
gov_report,0.2,h2o,22,0.0,0.0,0,,0.9693892533665219,40.0,115
gov_report,0.2,h2o,23,14.37308868501529,0.6534090909090909,1,38,0.8622935707779618,30.0,109
gov_report,0.2,h2o,24,0.0,0.9393939393939394,1,2,0.9197034710711315,54.0,111
gov_report,0.2,h2o,25,15.714285714285714,0.851063829787234,1,11,0.9135363183229279,35.0,95
gov_report,0.2,h2o,26,6.0882800608828,0.7349397590361446,1,15,0.9218823652397786,60.0,114
gov_report,0.2,h2o,27,6.8181818181818175,0.8775510204081632,1,0,1.0137150281756653,52.0,114
gov_report,0.2,h2o,28,4.354136429608127,0.0,0,,0.8694379534643232,36.0,107
gov_report,0.2,h2o,29,6.797853309481215,0.949438202247191,1,0,0.8551041855664534,36.0,118
gov_report,0.2,h2o,30,4.6814044213263974,0.8932584269662921,1,0,0.952103107946855,51.0,145
gov_report,0.2,h2o,31,0.5494505494505495,0.23333333333333334,0,4,0.8077558198330818,28.0,111
gov_report,0.2,h2o,32,9.025270758122742,0.7459016393442623,1,21,0.8585414110711781,37.0,82
gov_report,0.2,h2o,33,11.349306431273645,0.7964071856287425,1,17,0.8793041865475213,37.0,108
gov_report,0.2,h2o,34,18.335684062059237,0.9005524861878453,1,3,0.8994493212200029,36.0,97
gov_report,0.2,h2o,35,0.7155635062611808,0.9393939393939394,1,3,0.8943386959857478,35.0,107
gov_report,0.2,h2o,36,17.31843575418994,0.8654970760233918,1,8,0.9085490525471818,41.0,120
gov_report,0.2,h2o,37,17.16937354988399,0.6956521739130435,1,11,0.8928746751585092,34.0,112
gov_report,0.2,h2o,38,1.824817518248175,0.0,0,,0.9080762727613035,45.0,120
gov_report,0.2,h2o,39,5.577689243027889,0.9259259259259259,1,3,0.9122259221536297,37.0,93
gov_report,0.2,h2o,40,7.443365695792881,0.8876404494382022,1,5,0.9225172708915337,49.0,116
gov_report,0.2,h2o,41,10.191082802547772,0.7419354838709677,1,33,0.9242111133667508,47.0,96
gov_report,0.2,h2o,42,13.165266106442578,0.4,1,12,0.8542614049673899,36.0,110
gov_report,0.2,h2o,43,1.384083044982699,0.8951048951048951,1,5,0.9757598485244527,37.0,80
gov_report,0.2,h2o,44,16.29881154499151,0.8137931034482758,1,0,0.9020488974360955,42.0,127
gov_report,0.2,h2o,45,0.0,0.0,0,,0.937716289383318,50.0,94
gov_report,0.2,h2o,46,10.574018126888216,0.72,1,17,0.8250496769329146,29.0,118
gov_report,0.2,h2o,47,6.260296540362438,0.7878787878787878,1,8,0.849971636219822,23.0,98
gov_report,0.2,h2o,48,6.049149338374291,0.75,1,3,0.8973632986663198,42.0,122
gov_report,0.2,h2o,49,18.612521150592215,0.8242424242424242,1,1,0.8860378207928518,41.0,112
gov_report,0.2,snapkv,0,1.2024048096192386,0.0,0,,1.5266192618243457,63.0,118
gov_report,0.2,snapkv,1,7.017543859649124,0.058823529411764705,0,15,1.5967777135557286,82.0,121
gov_report,0.2,snapkv,2,0.0,0.0,0,,1.5835258131565,62.0,145
gov_report,0.2,snapkv,3,2.112676056338028,0.9696969696969697,1,0,1.4905453707346465,69.0,152
gov_report,0.2,snapkv,4,0.0,0.0,0,,1.5620232498527793,76.0,104
gov_report,0.2,snapkv,5,0.0,0.0,0,,1.5910302381640562,85.0,130
gov_report,0.2,snapkv,6,0.7504690431519699,0.0,0,,1.650904204232559,113.0,169
gov_report,0.2,snapkv,7,6.484641638225256,0.9545454545454546,1,0,1.7242229990525146,78.0,106
gov_report,0.2,snapkv,8,1.7341040462427748,0.42857142857142855,1,0,1.6748965182326836,92.0,133
gov_report,0.2,snapkv,9,0.0,0.0,0,,1.5256282766565634,81.0,148
gov_report,0.2,snapkv,10,0.39603960396039595,0.0,0,,1.5934495390058137,111.0,106
gov_report,0.2,snapkv,11,0.75046904315197,0.0,0,,1.6217399368682097,70.0,115
gov_report,0.2,snapkv,12,6.258890469416785,0.9493670886075949,1,0,1.9474445390330206,223.0,130
gov_report,0.2,snapkv,13,2.8213166144200623,0.9575757575757575,1,0,1.4729981305190922,64.0,105
gov_report,0.2,snapkv,14,0.0,0.0,0,,1.683249007586789,115.0,128
gov_report,0.2,snapkv,15,0.0,0.0,0,,1.5843500912451793,63.0,134
gov_report,0.2,snapkv,16,0.6125574272588056,0.0,0,,1.6120548522066003,55.0,143
gov_report,0.2,snapkv,17,0.6611570247933884,0.0,0,,1.5866460165376033,59.0,113
gov_report,0.2,snapkv,18,0.0,0.9797979797979798,1,1,1.3081559569182506,44.0,95
gov_report,0.2,snapkv,19,0.0,0.0,0,,1.5831279136099305,79.0,103
gov_report,0.2,snapkv,20,0.0,0.0,0,,1.5391783930669731,73.0,149
gov_report,0.2,snapkv,21,0.0,0.0,0,,1.5766888812797433,70.0,144
gov_report,0.2,snapkv,22,0.0,0.0,0,,1.5986765272005048,76.0,124
gov_report,0.2,snapkv,23,0.3875968992248062,0.0,0,,1.585449125625383,71.0,112
gov_report,0.2,snapkv,24,3.2828282828282824,0.9696969696969697,1,2,1.7128176974699267,84.0,105
gov_report,0.2,snapkv,25,7.720588235294118,0.9493670886075949,1,0,1.5294624601886035,76.0,91
gov_report,0.2,snapkv,26,0.0,0.0,0,,1.653068317758489,77.0,156
gov_report,0.2,snapkv,27,8.266666666666666,0.8870056497175142,1,11,1.6046187126021088,73.0,91
gov_report,0.2,snapkv,28,1.574803149606299,0.631578947368421,1,0,1.668873870199795,71.0,124
gov_report,0.2,snapkv,29,0.0,0.0,0,,1.4423186224154039,50.0,117
gov_report,0.2,snapkv,30,6.287787182587666,0.9646464646464646,1,5,1.5558915352015543,70.0,201
gov_report,0.2,snapkv,31,0.0,0.0,0,,1.5843037588571391,73.0,149
gov_report,0.2,snapkv,32,0.0,0.0,0,,1.6172964994144214,75.0,109
gov_report,0.2,snapkv,33,0.0,0.0,0,,1.592338822534285,68.0,102
gov_report,0.2,snapkv,34,17.64705882352941,0.8321678321678322,1,6,1.5949040366574778,87.0,119
gov_report,0.2,snapkv,35,0.0,0.0,0,,1.5284078365945741,67.0,100
gov_report,0.2,snapkv,36,4.255319148936169,0.0,0,,1.4993106180098361,65.0,116
gov_report,0.2,snapkv,37,0.0,0.9791666666666666,1,0,1.5488438470846504,65.0,123
gov_report,0.2,snapkv,38,4.790419161676647,0.9595959595959596,1,1,1.6298993635478003,96.0,114
gov_report,0.2,snapkv,39,0.5037783375314862,0.0,0,,1.4721314199862696,53.0,102
gov_report,0.2,snapkv,40,0.0,0.0,0,,1.698699164146937,84.0,196
gov_report,0.2,snapkv,41,0.0,0.9795918367346939,1,0,1.581213615091552,116.0,112
gov_report,0.2,snapkv,42,0.0,0.0,0,,1.6717939471473688,92.0,119
gov_report,0.2,snapkv,43,2.1978021978021975,0.0,0,,1.524389734341593,77.0,107
gov_report,0.2,snapkv,44,0.8791208791208791,0.0,0,,1.5145002864700396,55.0,131
gov_report,0.2,snapkv,45,0.0,0.0,0,,1.5511498038060445,73.0,124
gov_report,0.2,snapkv,46,0.0,0.0,0,,1.5573954207507372,68.0,118
gov_report,0.2,snapkv,47,0.0,0.9791666666666666,1,0,1.71489819960619,83.0,118
gov_report,0.2,snapkv,48,0.0,0.0,0,,1.6537723671990274,80.0,120
gov_report,0.2,snapkv,49,0.6163328197226503,0.9848484848484849,1,2,1.6622923299676273,78.0,107
gov_report,0.2,pyramidkv,0,11.075949367088606,0.7978723404255319,1,1,0.9062225796353934,46.0,126
gov_report,0.2,pyramidkv,1,11.543287327478042,0.8373493975903614,1,12,0.9199329495087777,44.0,141
gov_report,0.2,pyramidkv,2,13.843888070692193,0.807909604519774,1,12,0.9842854041084155,75.0,139
gov_report,0.2,pyramidkv,3,3.9215686274509802,0.9191919191919192,1,3,0.9856187712759685,44.0,140
gov_report,0.2,pyramidkv,4,0.3003003003003003,0.0,0,,0.849416473703325,41.0,124
gov_report,0.2,pyramidkv,5,2.5500910746812386,0.979381443298969,1,3,0.892020497733974,46.0,129
gov_report,0.2,pyramidkv,6,16.983894582723284,0.8888888888888888,1,0,0.8446606599389027,36.0,145
gov_report,0.2,pyramidkv,7,0.0,0.98989898989899,1,1,0.9400742228654964,43.0,123
gov_report,0.2,pyramidkv,8,12.771084337349398,0.5480225988700564,1,55,0.8737539135118065,32.0,123
gov_report,0.2,pyramidkv,9,14.414414414414415,0.8324324324324325,1,11,0.8347740859895422,33.0,126
gov_report,0.2,pyramidkv,10,9.30232558139535,0.8279569892473119,1,10,0.8038470834222741,33.0,135
gov_report,0.2,pyramidkv,11,12.213740458015266,0.6423841059602649,1,1,0.9242690440124981,36.0,132
gov_report,0.2,pyramidkv,12,0.2557544757033248,0.98989898989899,1,1,0.9589830838672266,29.0,123
gov_report,0.2,pyramidkv,13,20.09273570324575,0.9470588235294117,1,3,0.969641850882449,44.0,91
gov_report,0.2,pyramidkv,14,10.080645161290324,0.7160493827160493,1,14,0.9054694277389903,36.0,128
gov_report,0.2,pyramidkv,15,13.571428571428573,0.8936170212765957,1,0,0.9154228698971871,27.0,123
gov_report,0.2,pyramidkv,16,3.4993270524899063,0.924812030075188,1,0,0.9225568771362305,29.0,131
gov_report,0.2,pyramidkv,17,3.7410071942446046,0.924812030075188,1,0,1.001011347230011,37.0,121
gov_report,0.2,pyramidkv,18,9.285714285714286,0.8352941176470589,1,0,1.024431324005127,40.0,108
gov_report,0.2,pyramidkv,19,4.127579737335835,0.9336734693877551,1,8,1.0340505068800228,40.0,132
gov_report,0.2,pyramidkv,20,5.263157894736842,0.8625,1,4,0.881110668182373,47.0,122
gov_report,0.2,pyramidkv,21,7.507507507507507,0.02564102564102564,0,13,0.8892590522766113,36.0,153
gov_report,0.2,pyramidkv,22,0.0,0.0,0,,0.9754191398620605,40.0,129
gov_report,0.2,pyramidkv,23,7.131782945736434,0.9027027027027027,1,4,0.8724323149525105,30.0,121
gov_report,0.2,pyramidkv,24,3.2640949554896146,0.923728813559322,1,5,0.9330517190104266,54.0,122
gov_report,0.2,pyramidkv,25,15.714285714285714,0.851063829787234,1,11,0.9265356757705883,35.0,108
gov_report,0.2,pyramidkv,26,6.0882800608828,0.7349397590361446,1,15,0.9286907916988341,60.0,127
gov_report,0.2,pyramidkv,27,12.26158038147139,0.8988095238095238,1,11,1.0176914506392427,52.0,128
gov_report,0.2,pyramidkv,28,12.580231065468547,0.8659217877094972,1,15,0.8718963376562545,36.0,116
gov_report,0.2,pyramidkv,29,3.211009174311927,0.36363636363636365,1,0,0.8734977722167969,36.0,131
gov_report,0.2,pyramidkv,30,6.476683937823833,0.7529411764705882,1,0,0.9559113753926307,51.0,157
gov_report,0.2,pyramidkv,31,0.5494505494505495,0.23333333333333334,0,4,0.8158431053161621,28.0,122
gov_report,0.2,pyramidkv,32,2.456140350877193,0.7027027027027027,1,21,0.866305822984647,37.0,94
gov_report,0.2,pyramidkv,33,13.468869123252858,0.4276729559748428,1,19,0.8918040275573731,37.0,119
gov_report,0.2,pyramidkv,34,11.223021582733814,0.7861635220125787,1,12,0.902472972869873,36.0,110
gov_report,0.2,pyramidkv,35,0.7155635062611808,0.9393939393939394,1,3,0.9021574974060058,35.0,119
gov_report,0.2,pyramidkv,36,17.31843575418994,0.8654970760233918,1,8,0.9159323360480682,41.0,128
gov_report,0.2,pyramidkv,37,17.16937354988399,0.6956521739130435,1,11,0.8986525068983662,34.0,126
gov_report,0.2,pyramidkv,38,1.824817518248175,0.0,0,,0.9099614175418728,45.0,133
gov_report,0.2,pyramidkv,39,5.577689243027889,0.9259259259259259,1,3,0.958282467756726,37.0,102
gov_report,0.2,pyramidkv,40,7.443365695792881,0.8876404494382022,1,5,0.9267145155418233,49.0,130
gov_report,0.2,pyramidkv,41,10.191082802547772,0.7419354838709677,1,33,0.939501837752691,47.0,108
gov_report,0.2,pyramidkv,42,13.783783783783784,0.7443181818181818,1,15,0.8568027692752404,36.0,123
gov_report,0.2,pyramidkv,43,7.523510971786834,0.8333333333333334,1,21,0.9818170006269507,37.0,93
gov_report,0.2,pyramidkv,44,16.243654822335024,0.8367346938775511,1,0,0.9085758552349145,42.0,135
gov_report,0.2,pyramidkv,45,0.0,0.9508196721311475,1,1,0.9408456049157814,50.0,107
gov_report,0.2,pyramidkv,46,10.574018126888216,0.72,1,17,0.8364011185660976,31.0,129
gov_report,0.2,pyramidkv,47,6.260296540362438,0.7878787878787878,1,8,0.8841461738673002,26.0,113
gov_report,0.2,pyramidkv,48,1.938610662358643,0.8895027624309392,1,19,0.899644926396012,42.0,130
gov_report,0.2,pyramidkv,49,6.050420168067227,0.9444444444444444,1,0,0.8954891083518215,41.0,123
gov_report,0.2,adakv,0,11.075949367088606,0.7978723404255319,1,1,0.9062225796353934,46.0,126
gov_report,0.2,adakv,1,11.543287327478042,0.8373493975903614,1,12,0.9199329495087777,44.0,141
gov_report,0.2,adakv,2,13.843888070692193,0.807909604519774,1,12,0.9842854041084155,75.0,139
gov_report,0.2,adakv,3,3.9215686274509802,0.9191919191919192,1,3,0.9856187712759685,44.0,140
gov_report,0.2,adakv,4,0.3003003003003003,0.0,0,,0.849416473703325,41.0,124
gov_report,0.2,adakv,5,2.5500910746812386,0.979381443298969,1,3,0.892020497733974,46.0,129
gov_report,0.2,adakv,6,16.983894582723284,0.8888888888888888,1,0,0.8446606599389027,36.0,145
gov_report,0.2,adakv,7,0.0,0.98989898989899,1,1,0.9400742228654964,43.0,123
gov_report,0.2,adakv,8,12.771084337349398,0.5480225988700564,1,55,0.8737539135118065,32.0,123
gov_report,0.2,adakv,9,14.414414414414415,0.8324324324324325,1,11,0.8347740859895422,33.0,126
gov_report,0.2,adakv,10,9.30232558139535,0.8279569892473119,1,10,0.8038470834222741,33.0,135
gov_report,0.2,adakv,11,12.213740458015266,0.6423841059602649,1,1,0.9242690440124981,36.0,132
gov_report,0.2,adakv,12,0.2557544757033248,0.98989898989899,1,1,0.9589830838672266,29.0,123
gov_report,0.2,adakv,13,20.09273570324575,0.9470588235294117,1,3,0.969641850882449,44.0,91
gov_report,0.2,adakv,14,10.080645161290324,0.7160493827160493,1,14,0.9054694277389903,36.0,128
gov_report,0.2,adakv,15,13.571428571428573,0.8936170212765957,1,0,0.9154228698971871,27.0,123
gov_report,0.2,adakv,16,3.4993270524899063,0.924812030075188,1,0,0.9227876941260472,29.0,131
gov_report,0.2,adakv,17,3.7410071942446046,0.924812030075188,1,0,1.001011347230011,37.0,121
gov_report,0.2,adakv,18,9.285714285714286,0.8352941176470589,1,0,1.0205150006409327,40.0,108
gov_report,0.2,adakv,19,4.127579737335835,0.9336734693877551,1,8,1.0340505068800228,40.0,132
gov_report,0.2,adakv,20,5.263157894736842,0.8625,1,4,0.8803553709618009,47.0,122
gov_report,0.2,adakv,21,7.507507507507507,0.02564102564102564,0,13,0.8893925787043295,36.0,153
gov_report,0.2,adakv,22,0.0,0.0,0,,0.9747269359438975,40.0,129
gov_report,0.2,adakv,23,7.131782945736434,0.9027027027027027,1,4,0.8724323149525105,30.0,121
gov_report,0.2,adakv,24,3.2640949554896146,0.923728813559322,1,5,0.9330517190104266,54.0,122
gov_report,0.2,adakv,25,15.714285714285714,0.851063829787234,1,11,0.9265356757705883,35.0,108
gov_report,0.2,adakv,26,6.0882800608828,0.7349397590361446,1,15,0.9286907916988341,60.0,127
gov_report,0.2,adakv,27,12.26158038147139,0.8988095238095238,1,11,1.0176914506392427,52.0,128
gov_report,0.2,adakv,28,12.580231065468547,0.8659217877094972,1,15,0.8718963376562545,36.0,116
gov_report,0.2,adakv,29,3.211009174311927,0.36363636363636365,1,0,0.8726936454053391,36.0,131
gov_report,0.2,adakv,30,6.476683937823833,0.7529411764705882,1,0,0.9559113753926307,51.0,157
gov_report,0.2,adakv,31,0.5494505494505495,0.23333333333333334,0,4,0.8162880309869355,28.0,122
gov_report,0.2,adakv,32,2.456140350877193,0.7027027027027027,1,21,0.866305822984647,37.0,94
gov_report,0.2,adakv,33,14.917825537294565,0.4267515923566879,1,11,0.8918708620220257,37.0,119
gov_report,0.2,adakv,34,11.223021582733814,0.7861635220125787,1,12,0.9024247076224231,36.0,110
gov_report,0.2,adakv,35,0.7155635062611808,0.9393939393939394,1,3,0.9022633271773847,35.0,119
gov_report,0.2,adakv,36,17.31843575418994,0.8654970760233918,1,8,0.9159323360480682,41.0,128
gov_report,0.2,adakv,37,17.16937354988399,0.6956521739130435,1,11,0.8986525068983662,34.0,126
gov_report,0.2,adakv,38,1.824817518248175,0.0,0,,0.9099614175418728,45.0,133
gov_report,0.2,adakv,39,5.577689243027889,0.9259259259259259,1,3,0.958282467756726,37.0,102
gov_report,0.2,adakv,40,7.443365695792881,0.8876404494382022,1,5,0.9267145155418233,49.0,130
gov_report,0.2,adakv,41,10.191082802547772,0.7419354838709677,1,33,0.939501837752691,47.0,108
gov_report,0.2,adakv,42,13.783783783783784,0.7443181818181818,1,15,0.8568027692752404,36.0,123
gov_report,0.2,adakv,43,7.523510971786834,0.8333333333333334,1,21,0.9818170006269507,37.0,93
gov_report,0.2,adakv,44,16.243654822335024,0.8367346938775511,1,0,0.9085758552349145,42.0,135
gov_report,0.2,adakv,45,0.0,0.9508196721311475,1,1,0.9408456049157814,50.0,107
gov_report,0.2,adakv,46,10.574018126888216,0.72,1,17,0.8364011185660976,31.0,129
gov_report,0.2,adakv,47,6.260296540362438,0.7878787878787878,1,8,0.8841461738673002,26.0,113
gov_report,0.2,adakv,48,1.938610662358643,0.8895027624309392,1,19,0.899644926396012,42.0,130
gov_report,0.2,adakv,49,6.050420168067227,0.9444444444444444,1,0,0.8954891083518215,41.0,123
gov_report,0.2,ours,0,18.354430379746837,0.06329113924050633,0,6,4.029124869567673,723.0,234
gov_report,0.2,ours,1,16.983523447401776,0.04861111111111111,0,4,2.28173649931813,213.0,246
gov_report,0.2,ours,2,1.9834710743801651,0.9230769230769231,1,0,1.891943169195393,231.0,203
gov_report,0.2,ours,3,4.2105263157894735,0.898989898989899,1,17,1.6417053438860483,194.0,232
gov_report,0.2,ours,4,2.3703703703703702,0.0,0,,3.4894308747642873,488.0,251
gov_report,0.2,ours,5,12.583412774070544,0.1419753086419753,0,18,2.134249855243339,180.0,267
gov_report,0.2,ours,6,28.44444444444445,0.0379746835443038,0,4,2.2124163202163873,285.0,269
gov_report,0.2,ours,7,8.445297504798464,0.3023255813953488,1,1,1.7314186217694203,129.0,222
gov_report,0.2,ours,8,8.695652173913045,0.8434343434343434,1,23,3.469676085491181,601.0,226
gov_report,0.2,ours,9,10.191082802547772,0.01639344262295082,0,103,2.0650790404259145,199.0,207
gov_report,0.2,ours,10,9.076682316118937,0.7754010695187166,1,3,1.9289901277255197,155.0,235
gov_report,0.2,ours,11,8.995502248875562,0.7758620689655172,1,1,1.5853428874455058,126.0,237
gov_report,0.2,ours,12,1.24804992199688,0.8936170212765957,1,0,2.9717434781982344,327.0,216
gov_report,0.2,ours,13,8.737864077669903,0.031746031746031744,0,1,1.7349757774534516,180.0,176
gov_report,0.2,ours,14,13.503649635036496,0.014388489208633094,0,31,2.7056878640665087,343.0,234
gov_report,0.2,ours,15,8.945686900958465,0.9661016949152542,1,1,2.264340635430015,132.0,242
gov_report,0.2,ours,16,7.510431154381085,0.21518987341772153,0,16,2.403333938692266,139.0,236
gov_report,0.2,ours,17,12.30366492146597,0.8288770053475936,1,1,2.3126900452218737,170.0,192
gov_report,0.2,ours,18,6.6783831282952555,0.7945945945945946,1,1,1.6296369190217086,89.0,211
gov_report,0.2,ours,19,11.789473684210527,0.8771929824561403,1,3,2.358726406298896,267.0,245
gov_report,0.2,ours,20,12.05211726384365,0.058823529411764705,0,6,3.426815403796771,529.0,234
gov_report,0.2,ours,21,20.50632911392405,0.028901734104046242,0,2,2.596220077986639,200.0,261
gov_report,0.2,ours,22,0.0,0.9333333333333333,1,0,2.9044860404244996,417.0,191
gov_report,0.2,ours,23,8.780487804878048,0.8955223880597015,1,9,1.8756564142287793,134.0,217
gov_report,0.2,ours,24,11.984021304926765,0.12154696132596685,0,90,3.088288799896117,320.0,197
gov_report,0.2,ours,25,12.23021582733813,0.013422818791946308,0,87,2.441795411602128,338.0,218
gov_report,0.2,ours,26,11.916264090177133,0.008928571428571428,0,41,1.9531165617184083,222.0,229
gov_report,0.2,ours,27,6.077348066298343,0.8136645962732919,1,22,2.308834365202674,151.0,196
gov_report,0.2,ours,28,12.129380053908358,0.7769230769230769,1,0,1.879853985143804,154.0,233
gov_report,0.2,ours,29,12.667946257197697,0.8818897637795275,1,10,2.1779912995681854,181.0,235
gov_report,0.2,ours,30,4.573170731707317,0.0,0,,3.2410959034774702,483.0,294
gov_report,0.2,ours,31,12.830188679245284,0.22448979591836735,0,19,2.3249006986834715,293.0,229
gov_report,0.2,ours,32,1.1385199240986716,0.9333333333333333,1,0,1.8181384468104973,161.0,118
gov_report,0.2,ours,33,16.100628930817614,0.054878048780487805,0,56,3.861693855020701,615.0,245
gov_report,0.2,ours,34,10.857142857142858,0.7005988023952096,1,11,1.8804924780125347,249.0,221
gov_report,0.2,ours,35,0.2898550724637681,0.9846938775510204,1,2,3.426389729748191,440.0,264
gov_report,0.2,ours,36,14.899713467048711,0.07142857142857142,0,19,2.183652698468756,198.0,250
gov_report,0.2,ours,37,5.275779376498802,0.9375,1,4,1.9445172116513454,138.0,229
gov_report,0.2,ours,38,15.317919075144507,0.07100591715976332,0,9,2.6686348388416334,355.0,255
gov_report,0.2,ours,39,7.604562737642584,0.8633879781420765,1,0,2.1068543455389093,121.0,206
gov_report,0.2,ours,40,0.3663003663003663,0.9587628865979382,1,3,1.9180399873753595,243.0,222
gov_report,0.2,ours,41,10.714285714285712,0.2152777777777778,0,11,3.3832962170379823,542.0,212
gov_report,0.2,ours,42,14.504881450488144,0.08333333333333333,0,8,2.909713594472134,406.0,252
gov_report,0.2,ours,43,17.283950617283953,0.8791208791208791,1,11,1.262946549691848,61.0,192
gov_report,0.2,ours,44,16.580310880829014,0.12837837837837837,0,39,2.614174787450867,291.0,237
gov_report,0.2,ours,45,11.076923076923077,0.7515923566878981,1,8,2.400862047583378,228.0,184
gov_report,0.2,ours,46,18.234442836468883,0.06944444444444445,0,23,3.204525038892123,299.0,224
gov_report,0.2,ours,47,4.683195592286501,0.8457142857142858,1,26,4.043304964463199,511.0,240
gov_report,0.2,ours,48,2.8753993610223643,0.8978494623655914,1,18,2.339960527868903,218.0,261
gov_report,0.2,ours,49,8.013937282229964,0.8954248366013072,1,6,1.7092966736549735,125.0,211
