task,budget,variant,sample_idx,score,word_rep,char_rep,collapsed
narrativeqa,0.2,baseline_nosink,0,0.0,0.0,0.0,0
narrativeqa,0.2,baseline_nosink,1,6.451612903225806,0.3333333333333333,0.672782874617737,1
narrativeqa,0.2,baseline_nosink,2,0.0,0.2222222222222222,0.6549520766773163,0
narrativeqa,0.2,baseline_nosink,3,4.25531914893617,0.02040816326530612,0.4166666666666667,0
narrativeqa,0.2,baseline_nosink,4,3.3333333333333335,0.6271186440677966,0.7615176151761518,1
narrativeqa,0.2,baseline_nosink,5,0.0,0.0967741935483871,0.4,0
narrativeqa,0.2,baseline_nosink,6,0.0,0.0,0.0,0
narrativeqa,0.2,baseline_nosink,7,18.18181818181818,0.0,0.043478260869565216,0
narrativeqa,0.2,baseline_nosink,8,33.333333333333336,0.0,0.0,0
narrativeqa,0.2,baseline_nosink,9,19.354838709677416,0.0,0.3567251461988304,0
narrativeqa,0.2,baseline_nosink,10,7.272727272727273,0.057692307692307696,0.3117283950617284,0
narrativeqa,0.2,baseline_nosink,11,0.0,0.18518518518518517,0.5242718446601942,0
narrativeqa,0.2,baseline_nosink,12,0.0,0.4074074074074074,0.7370242214532872,1
narrativeqa,0.2,baseline_nosink,13,54.54545454545454,0.0,0.0,0
narrativeqa,0.2,baseline_nosink,14,23.076923076923077,0.09523809523809523,0.4740740740740741,0
narrativeqa,0.2,baseline_nosink,15,0.0,0.7068965517241379,0.9247648902821317,1
narrativeqa,0.2,baseline_nosink,16,0.0,0.0,0.08421052631578947,0
narrativeqa,0.2,baseline_nosink,17,0.0,0.09259259259259259,0.31210191082802546,0
narrativeqa,0.2,baseline_nosink,18,3.846153846153846,0.34545454545454546,0.7842465753424658,1
narrativeqa,0.2,baseline_nosink,19,7.272727272727273,0.3090909090909091,0.7319277108433735,1
narrativeqa,0.2,baseline_nosink,20,11.594202898550723,0.3793103448275862,0.8401253918495298,1
narrativeqa,0.2,baseline_nosink,21,10.526315789473685,0.018518518518518517,0.3482142857142857,0
narrativeqa,0.2,baseline_nosink,22,0.0,0.0,0.1,0
narrativeqa,0.2,baseline_nosink,23,13.793103448275861,0.0,0.20689655172413793,0
narrativeqa,0.2,baseline_nosink,24,4.545454545454545,0.6140350877192983,0.9118457300275482,1
narrativeqa,0.2,baseline_nosink,25,0.0,0.21052631578947367,0.6559139784946236,0
narrativeqa,0.2,baseline_nosink,26,8.88888888888889,0.32653061224489793,0.7120622568093385,1
narrativeqa,0.2,baseline_nosink,27,0.0,0.8913043478260869,0.9234449760765551,1
narrativeqa,0.2,baseline_nosink,28,14.545454545454545,0.3157894736842105,0.7896678966789668,1
narrativeqa,0.2,baseline_nosink,29,0.0,0.6,0.8852459016393442,1
narrativeqa,0.2,plus_sink4,0,0.0,0.0,0.0,0
narrativeqa,0.2,plus_sink4,1,13.559322033898308,0.0,0.21103896103896103,0
narrativeqa,0.2,plus_sink4,2,0.0,0.0,0.0855614973262032,0
narrativeqa,0.2,plus_sink4,3,6.0606060606060606,0.09090909090909091,0.3404255319148936,0
narrativeqa,0.2,plus_sink4,4,18.181818181818183,0.0,0.0,0
narrativeqa,0.2,plus_sink4,5,16.666666666666664,0.0,0.0,0
narrativeqa,0.2,plus_sink4,6,0.0,0.0,0.17616580310880828,0
narrativeqa,0.2,plus_sink4,7,13.333333333333334,0.0,0.0,0
narrativeqa,0.2,plus_sink4,8,33.333333333333336,0.0,0.0,0
narrativeqa,0.2,plus_sink4,9,7.8431372549019605,0.0,0.0695364238410596,0
narrativeqa,0.2,plus_sink4,10,11.11111111111111,0.0,0.3154121863799283,0
narrativeqa,0.2,plus_sink4,11,0.0,0.0,0.08362369337979095,0
narrativeqa,0.2,plus_sink4,12,0.0,0.0,0.1465798045602606,0
narrativeqa,0.2,plus_sink4,13,72.72727272727272,0.0,0.0,0
narrativeqa,0.2,plus_sink4,14,26.666666666666668,0.0,0.0,0
narrativeqa,0.2,plus_sink4,15,0.0,0.0,0.1443850267379679,0
narrativeqa,0.2,plus_sink4,16,4.25531914893617,0.0,0.25,0
narrativeqa,0.2,plus_sink4,17,4.081632653061225,0.0,0.142433234421365,0
narrativeqa,0.2,plus_sink4,18,7.547169811320755,0.01818181818181818,0.28719723183391005,0
narrativeqa,0.2,plus_sink4,19,8.695652173913043,0.0,0.22382671480144403,0
narrativeqa,0.2,plus_sink4,20,20.689655172413794,0.0,0.24175824175824176,0
narrativeqa,0.2,plus_sink4,21,40.0,0.0,0.07017543859649122,0
narrativeqa,0.2,plus_sink4,22,0.0,0.0,0.25,0
narrativeqa,0.2,plus_sink4,23,13.793103448275861,0.0,0.06611570247933884,0
narrativeqa,0.2,plus_sink4,24,4.651162790697675,0.0,0.14084507042253522,0
narrativeqa,0.2,plus_sink4,25,13.636363636363635,0.0,0.3614457831325301,0
narrativeqa,0.2,plus_sink4,26,18.181818181818183,0.0,0.0,0
narrativeqa,0.2,plus_sink4,27,17.647058823529413,0.0,0.1518324607329843,0
narrativeqa,0.2,plus_sink4,28,17.24137931034483,0.0,0.2708333333333333,0
narrativeqa,0.2,plus_sink4,29,0.0,0.0,0.2491349480968858,0
narrativeqa,0.8,baseline_nosink,0,0.0,0.0,0.0,0
narrativeqa,0.8,baseline_nosink,1,12.903225806451612,0.0,0.2070063694267516,0
narrativeqa,0.8,baseline_nosink,2,5.555555555555556,0.0,0.19642857142857142,0
narrativeqa,0.8,baseline_nosink,3,3.92156862745098,0.07692307692307693,0.4117647058823529,0
narrativeqa,0.8,baseline_nosink,4,18.181818181818183,0.0,0.0,0
narrativeqa,0.8,baseline_nosink,5,4.444444444444445,0.041666666666666664,0.22761194029850745,0
narrativeqa,0.8,baseline_nosink,6,0.0,0.0,0.0,0
narrativeqa,0.8,baseline_nosink,7,13.333333333333334,0.0,0.0,0
narrativeqa,0.8,baseline_nosink,8,33.333333333333336,0.0,0.0,0
narrativeqa,0.8,baseline_nosink,9,4.0,0.3148148148148148,0.6881720430107527,1
narrativeqa,0.8,baseline_nosink,10,7.8431372549019605,0.0,0.13523131672597866,0
narrativeqa,0.8,baseline_nosink,11,0.0,0.0,0.2692307692307692,0
narrativeqa,0.8,baseline_nosink,12,0.0,0.0,0.047619047619047616,0
narrativeqa,0.8,baseline_nosink,13,72.72727272727272,0.0,0.0,0
narrativeqa,0.8,baseline_nosink,14,26.666666666666668,0.0,0.0,0
narrativeqa,0.8,baseline_nosink,15,0.0,0.0,0.14883720930232558,0
narrativeqa,0.8,baseline_nosink,16,0.0,0.0,0.21951219512195122,0
narrativeqa,0.8,baseline_nosink,17,3.9215686274509802,0.0,0.1282051282051282,0
narrativeqa,0.8,baseline_nosink,18,3.7735849056603774,0.0,0.13494809688581316,0
narrativeqa,0.8,baseline_nosink,19,7.8431372549019605,0.0,0.10996563573883161,0
narrativeqa,0.8,baseline_nosink,20,10.0,0.09615384615384616,0.496551724137931,0
narrativeqa,0.8,baseline_nosink,21,50.0,0.0,0.10256410256410256,0
narrativeqa,0.8,baseline_nosink,22,0.0,0.0,0.0,0
narrativeqa,0.8,baseline_nosink,23,7.8431372549019605,0.0,0.13257575757575757,0
narrativeqa,0.8,baseline_nosink,24,4.347826086956522,0.08333333333333333,0.42586750788643535,0
narrativeqa,0.8,baseline_nosink,25,18.75,0.029411764705882353,0.22560975609756098,0
narrativeqa,0.8,baseline_nosink,26,28.571428571428577,0.0,0.0,0
narrativeqa,0.8,baseline_nosink,27,36.36363636363636,0.0,0.0,0
narrativeqa,0.8,baseline_nosink,28,10.344827586206897,0.017857142857142856,0.2553191489361702,0
narrativeqa,0.8,baseline_nosink,29,0.0,0.0,0.05405405405405406,0
narrativeqa,0.8,plus_sink4,0,0.0,0.0,0.0,0
narrativeqa,0.8,plus_sink4,1,16.12903225806452,0.03508771929824561,0.19314641744548286,0
narrativeqa,0.8,plus_sink4,2,0.0,0.0,0.10877192982456141,0
narrativeqa,0.8,plus_sink4,3,8.0,0.0,0.051094890510948905,0
narrativeqa,0.8,plus_sink4,4,18.181818181818183,0.0,0.0,0
narrativeqa,0.8,plus_sink4,5,16.666666666666664,0.0,0.0,0
narrativeqa,0.8,plus_sink4,6,0.0,0.0,0.0,0
narrativeqa,0.8,plus_sink4,7,14.285714285714288,0.0,0.0,0
narrativeqa,0.8,plus_sink4,8,33.333333333333336,0.0,0.0,0
narrativeqa,0.8,plus_sink4,9,7.8431372549019605,0.0,0.17218543046357615,0
narrativeqa,0.8,plus_sink4,10,7.4074074074074066,0.0,0.28308823529411764,0
narrativeqa,0.8,plus_sink4,11,0.0,0.0,0.24262295081967214,0
narrativeqa,0.8,plus_sink4,12,0.0,0.0,0.10285714285714286,0
narrativeqa,0.8,plus_sink4,13,72.72727272727272,0.0,0.0,0
narrativeqa,0.8,plus_sink4,14,26.666666666666668,0.0,0.0,0
narrativeqa,0.8,plus_sink4,15,0.0,0.0,0.11956521739130435,0
narrativeqa,0.8,plus_sink4,16,0.0,0.0,0.18309859154929578,0
narrativeqa,0.8,plus_sink4,17,4.255319148936171,0.0,0.1861198738170347,0
narrativeqa,0.8,plus_sink4,18,0.0,0.029411764705882353,0.27184466019417475,0
narrativeqa,0.8,plus_sink4,19,7.547169811320755,0.0,0.22522522522522523,0
narrativeqa,0.8,plus_sink4,20,12.307692307692307,0.018867924528301886,0.21470588235294116,0
narrativeqa,0.8,plus_sink4,21,42.857142857142854,0.0,0.08333333333333333,0
narrativeqa,0.8,plus_sink4,22,0.0,0.0,0.0,0
narrativeqa,0.8,plus_sink4,23,22.22222222222222,0.0,0.034482758620689655,0
narrativeqa,0.8,plus_sink4,24,7.272727272727273,0.0,0.2644628099173554,0
narrativeqa,0.8,plus_sink4,25,13.043478260869565,0.06,0.16608996539792387,0
narrativeqa,0.8,plus_sink4,26,6.06060606060606,0.0,0.18181818181818182,0
narrativeqa,0.8,plus_sink4,27,36.36363636363636,0.0,0.0,0
narrativeqa,0.8,plus_sink4,28,13.793103448275861,0.0,0.412751677852349,0
narrativeqa,0.8,plus_sink4,29,0.0,0.0,0.04746835443037975,0
hotpotqa,0.2,baseline_nosink,0,100.0,0.0,0.0,0
hotpotqa,0.2,baseline_nosink,1,10.526315789473683,0.0,0.1320754716981132,0
hotpotqa,0.2,baseline_nosink,2,0.0,0.0,0.0,0
hotpotqa,0.2,baseline_nosink,3,0.0,0.0,0.1271186440677966,0
hotpotqa,0.2,baseline_nosink,4,36.36363636363637,0.0,0.0,0
hotpotqa,0.2,baseline_nosink,5,6.666666666666667,0.11764705882352941,0.5022421524663677,0
hotpotqa,0.2,baseline_nosink,6,8.695652173913045,0.06666666666666667,0.4714828897338403,0
hotpotqa,0.2,baseline_nosink,7,28.571428571428577,0.0,0.02702702702702703,0
hotpotqa,0.2,baseline_nosink,8,17.142857142857142,0.0,0.3613861386138614,0
hotpotqa,0.2,baseline_nosink,9,10.81081081081081,0.0,0.12962962962962962,0
hotpotqa,0.2,baseline_nosink,10,10.526315789473683,0.0,0.046511627906976744,0
hotpotqa,0.2,baseline_nosink,11,0.0,0.0,0.11538461538461539,0
hotpotqa,0.2,baseline_nosink,12,15.384615384615385,0.0,0.0,0
hotpotqa,0.2,baseline_nosink,13,43.47826086956522,0.0,0.0,0
hotpotqa,0.2,baseline_nosink,14,5.263157894736842,0.17073170731707318,0.5154185022026432,0
hotpotqa,0.2,baseline_nosink,15,5.405405405405405,0.05,0.21296296296296297,0
hotpotqa,0.2,baseline_nosink,16,100.0,0.0,0.0,0
hotpotqa,0.2,baseline_nosink,17,0.0,0.8,1.0,1
hotpotqa,0.2,baseline_nosink,18,14.285714285714285,0.0,0.0,0
hotpotqa,0.2,baseline_nosink,19,17.39130434782609,0.0,0.14678899082568808,0
hotpotqa,0.2,baseline_nosink,20,0.0,0.0,0.08888888888888889,0
hotpotqa,0.2,baseline_nosink,21,0.0,0.0392156862745098,0.4246987951807229,0
hotpotqa,0.2,baseline_nosink,22,13.333333333333334,0.0,0.029850746268656716,0
hotpotqa,0.2,baseline_nosink,23,0.0,0.1951219512195122,0.6245059288537549,0
hotpotqa,0.2,baseline_nosink,24,0.0,0.39473684210526316,0.9325396825396826,1
hotpotqa,0.2,baseline_nosink,25,10.0,0.0,0.03225806451612903,0
hotpotqa,0.2,baseline_nosink,26,0.0,0.0,0.17886178861788618,0
hotpotqa,0.2,baseline_nosink,27,0.0,0.0,0.0,0
hotpotqa,0.2,baseline_nosink,28,0.0,0.44680851063829785,0.6877192982456141,1
hotpotqa,0.2,baseline_nosink,29,0.0,0.0,0.0,0
hotpotqa,0.2,plus_sink4,0,100.0,0.0,0.0,0
hotpotqa,0.2,plus_sink4,1,10.526315789473683,0.0,0.13725490196078433,0
hotpotqa,0.2,plus_sink4,2,0.0,0.0,0.0,0
hotpotqa,0.2,plus_sink4,3,9.09090909090909,0.0,0.05714285714285714,0
hotpotqa,0.2,plus_sink4,4,36.36363636363637,0.0,0.0,0
hotpotqa,0.2,plus_sink4,5,40.0,0.0,0.0,0
hotpotqa,0.2,plus_sink4,6,13.793103448275861,0.08,0.4258064516129032,0
hotpotqa,0.2,plus_sink4,7,30.769230769230766,0.0,0.1267605633802817,0
hotpotqa,0.2,plus_sink4,8,36.36363636363636,0.0,0.0,0
hotpotqa,0.2,plus_sink4,9,44.44444444444445,0.0,0.0,0
hotpotqa,0.2,plus_sink4,10,25.0,0.0,0.17857142857142858,0
hotpotqa,0.2,plus_sink4,11,0.0,0.0,0.0,0
hotpotqa,0.2,plus_sink4,12,14.814814814814813,0.0,0.0,0
hotpotqa,0.2,plus_sink4,13,37.03703703703704,0.0,0.0,0
hotpotqa,0.2,plus_sink4,14,25.0,0.0,0.0,0
hotpotqa,0.2,plus_sink4,15,40.0,0.0,0.0,0
hotpotqa,0.2,plus_sink4,16,100.0,0.0,0.0,0
hotpotqa,0.2,plus_sink4,17,22.22222222222222,0.0,0.17886178861788618,0
hotpotqa,0.2,plus_sink4,18,0.0,0.0,0.017543859649122806,0
hotpotqa,0.2,plus_sink4,19,11.76470588235294,0.0,0.024096385542168676,0
hotpotqa,0.2,plus_sink4,20,20.0,0.0,0.19672131147540983,0
hotpotqa,0.2,plus_sink4,21,0.0,0.0,0.1509433962264151,0
hotpotqa,0.2,plus_sink4,22,23.52941176470588,0.0,0.0,0
hotpotqa,0.2,plus_sink4,23,13.793103448275861,0.0,0.4342857142857143,0
hotpotqa,0.2,plus_sink4,24,0.0,0.0,0.17757009345794392,0
hotpotqa,0.2,plus_sink4,25,9.09090909090909,0.0,0.07142857142857142,0
hotpotqa,0.2,plus_sink4,26,0.0,0.0,0.2230769230769231,0
hotpotqa,0.2,plus_sink4,27,11.76470588235294,0.0,0.0,0
hotpotqa,0.2,plus_sink4,28,0.0,0.0,0.18791946308724833,0
hotpotqa,0.2,plus_sink4,29,0.0,0.0,0.18181818181818182,0
hotpotqa,0.8,baseline_nosink,0,23.076923076923077,0.0,0.0684931506849315,0
hotpotqa,0.8,baseline_nosink,1,10.526315789473683,0.0,0.13725490196078433,0
hotpotqa,0.8,baseline_nosink,2,0.0,0.0,0.0,0
hotpotqa,0.8,baseline_nosink,3,12.5,0.0,0.043010752688172046,0
hotpotqa,0.8,baseline_nosink,4,36.36363636363637,0.0,0.0,0
hotpotqa,0.8,baseline_nosink,5,8.695652173913045,0.041666666666666664,0.48148148148148145,0
hotpotqa,0.8,baseline_nosink,6,9.09090909090909,0.1111111111111111,0.4788732394366197,0
hotpotqa,0.8,baseline_nosink,7,46.15384615384615,0.0,0.030303030303030304,0
hotpotqa,0.8,baseline_nosink,8,32.25806451612904,0.0,0.15606936416184972,0
hotpotqa,0.8,baseline_nosink,9,40.0,0.0,0.0,0
hotpotqa,0.8,baseline_nosink,10,10.526315789473683,0.0,0.046875,0
hotpotqa,0.8,baseline_nosink,11,0.0,0.0,0.0,0
hotpotqa,0.8,baseline_nosink,12,14.814814814814813,0.0,0.0,0
hotpotqa,0.8,baseline_nosink,13,37.03703703703704,0.0,0.0,0
hotpotqa,0.8,baseline_nosink,14,25.0,0.0,0.0,0
hotpotqa,0.8,baseline_nosink,15,7.6923076923076925,0.0,0.014184397163120567,0
hotpotqa,0.8,baseline_nosink,16,66.66666666666666,0.0,0.0,0
hotpotqa,0.8,baseline_nosink,17,19.04761904761905,0.0,0.16153846153846155,0
hotpotqa,0.8,baseline_nosink,18,26.66666666666667,0.0,0.0,0
hotpotqa,0.8,baseline_nosink,19,35.294117647058826,0.0,0.02564102564102564,0
hotpotqa,0.8,baseline_nosink,20,25.0,0.0,0.041666666666666664,0
hotpotqa,0.8,baseline_nosink,21,0.0,0.07142857142857142,0.23170731707317074,0
hotpotqa,0.8,baseline_nosink,22,23.52941176470588,0.0,0.0,0
hotpotqa,0.8,baseline_nosink,23,16.666666666666668,0.0,0.2773722627737226,0
hotpotqa,0.8,baseline_nosink,24,0.0,0.0,0.02,0
hotpotqa,0.8,baseline_nosink,25,8.333333333333332,0.0,0.02666666666666667,0
hotpotqa,0.8,baseline_nosink,26,0.0,0.043478260869565216,0.275974025974026,0
hotpotqa,0.8,baseline_nosink,27,9.523809523809524,0.0,0.0,0
hotpotqa,0.8,baseline_nosink,28,0.0,0.0,0.019230769230769232,0
hotpotqa,0.8,baseline_nosink,29,0.0,0.0,0.0,0
hotpotqa,0.8,plus_sink4,0,100.0,0.0,0.0,0
hotpotqa,0.8,plus_sink4,1,10.526315789473683,0.0,0.13725490196078433,0
hotpotqa,0.8,plus_sink4,2,0.0,0.0,0.0,0
hotpotqa,0.8,plus_sink4,3,12.5,0.0,0.043010752688172046,0
hotpotqa,0.8,plus_sink4,4,36.36363636363637,0.0,0.0,0
hotpotqa,0.8,plus_sink4,5,40.0,0.0,0.0,0
hotpotqa,0.8,plus_sink4,6,8.51063829787234,0.11363636363636363,0.5370370370370371,0
hotpotqa,0.8,plus_sink4,7,46.15384615384615,0.0,0.030303030303030304,0
hotpotqa,0.8,plus_sink4,8,43.47826086956522,0.0,0.0,0
hotpotqa,0.8,plus_sink4,9,44.44444444444445,0.0,0.0,0
hotpotqa,0.8,plus_sink4,10,25.0,0.0,0.17857142857142858,0
hotpotqa,0.8,plus_sink4,11,0.0,0.0,0.21568627450980393,0
hotpotqa,0.8,plus_sink4,12,14.814814814814813,0.0,0.0,0
hotpotqa,0.8,plus_sink4,13,37.03703703703704,0.0,0.0,0
hotpotqa,0.8,plus_sink4,14,25.0,0.0,0.0,0
hotpotqa,0.8,plus_sink4,15,7.6923076923076925,0.0,0.014184397163120567,0
hotpotqa,0.8,plus_sink4,16,66.66666666666666,0.0,0.0,0
hotpotqa,0.8,plus_sink4,17,10.526315789473683,0.175,0.5394736842105263,0
hotpotqa,0.8,plus_sink4,18,0.0,0.0,0.017543859649122806,0
hotpotqa,0.8,plus_sink4,19,35.294117647058826,0.0,0.02564102564102564,0
hotpotqa,0.8,plus_sink4,20,25.0,0.0,0.041666666666666664,0
hotpotqa,0.8,plus_sink4,21,0.0,0.0,0.0,0
hotpotqa,0.8,plus_sink4,22,23.52941176470588,0.0,0.0,0
hotpotqa,0.8,plus_sink4,23,0.0,0.0,0.2564102564102564,0
hotpotqa,0.8,plus_sink4,24,0.0,0.0,0.03389830508474576,0
hotpotqa,0.8,plus_sink4,25,9.09090909090909,0.0,0.027972027972027972,0
hotpotqa,0.8,plus_sink4,26,0.0,0.0,0.21145374449339208,0
hotpotqa,0.8,plus_sink4,27,11.11111111111111,0.0,0.0,0
hotpotqa,0.8,plus_sink4,28,0.0,0.0,0.019230769230769232,0
hotpotqa,0.8,plus_sink4,29,0.0,0.0,0.017699115044247787,0
