task,method,variant,sample_idx,score,word_rep,char_rep,collapsed
qmsum,ours,baseline_nosink,0,7.792207792207792,0.0,0.3888888888888889,0
qmsum,ours,baseline_nosink,1,13.471502590673575,0.03636363636363636,0.43768400392541706,0
qmsum,ours,baseline_nosink,2,8.510638297872342,0.05042016806722689,0.4582278481012658,0
qmsum,ours,baseline_nosink,3,11.347517730496454,0.024096385542168676,0.43315508021390375,0
qmsum,ours,baseline_nosink,4,4.166666666666667,0.032,0.4371859296482412,0
qmsum,ours,baseline_nosink,5,3.2432432432432425,0.007246376811594203,0.32222222222222224,0
qmsum,ours,baseline_nosink,6,7.51173708920188,0.5084745762711864,0.7255460588793922,1
qmsum,ours,baseline_nosink,7,3.680981595092024,0.0875,0.5124875124875125,0
qmsum,ours,baseline_nosink,8,7.142857142857142,0.18446601941747573,0.6367583212735166,0
qmsum,ours,baseline_nosink,9,10.0,0.041237113402061855,0.36688311688311687,0
qmsum,ours,baseline_nosink,10,8.187134502923977,0.023255813953488372,0.591321897073663,0
qmsum,ours,baseline_nosink,11,5.9523809523809526,0.0875,0.5124875124875125,0
qmsum,ours,baseline_nosink,12,13.592233009708737,0.045454545454545456,0.5281933256616801,0
qmsum,ours,baseline_nosink,13,8.917197452229301,0.0,0.24484181568088034,0
qmsum,ours,baseline_nosink,14,19.35483870967742,0.28488372093023256,0.6301775147928994,0
qmsum,ours,baseline_nosink,15,16.0,0.046242774566473986,0.3913840513290559,0
qmsum,ours,baseline_nosink,16,12.598425196850393,0.041237113402061855,0.36688311688311687,0
qmsum,ours,baseline_nosink,17,17.11229946524064,0.023255813953488372,0.591321897073663,0
qmsum,ours,baseline_nosink,18,4.901960784313726,0.19653179190751446,0.7070610687022901,1
qmsum,ours,baseline_nosink,19,8.91089108910891,0.0875,0.5124875124875125,0
qmsum,ours,baseline_nosink,20,13.333333333333334,0.0,0.23091603053435114,0
qmsum,ours,baseline_nosink,21,9.852216748768473,0.6568047337278107,0.9183864915572233,1
qmsum,ours,baseline_nosink,22,2.45398773006135,0.007246376811594203,0.32222222222222224,0
qmsum,ours,baseline_nosink,23,9.523809523809526,0.024096385542168676,0.43315508021390375,0
qmsum,ours,baseline_nosink,24,16.75392670157068,0.034482758620689655,0.4107946026986507,0
qmsum,ours,baseline_nosink,25,3.592814371257485,0.3236994219653179,0.7240704500978473,1
qmsum,ours,baseline_nosink,26,16.766467065868266,0.0,0.23091603053435114,0
qmsum,ours,baseline_nosink,27,9.70873786407767,0.5084745762711864,0.7255460588793922,1
qmsum,ours,baseline_nosink,28,4.8543689320388355,0.06470588235294118,0.5380859375,0
qmsum,ours,baseline_nosink,29,23.463687150837988,0.041237113402061855,0.36688311688311687,0
qmsum,ours,plus_sink4,0,11.688311688311687,0.01935483870967742,0.37921077959576516,0
qmsum,ours,plus_sink4,1,11.578947368421053,0.02564102564102564,0.3560311284046693,0
qmsum,ours,plus_sink4,2,12.359550561797752,0.012345679012345678,0.28844404003639673,0
qmsum,ours,plus_sink4,3,11.299435028248588,0.01652892561983471,0.30317273795534666,0
qmsum,ours,plus_sink4,4,7.246376811594203,0.0,0.14637305699481865,0
qmsum,ours,plus_sink4,5,4.210526315789474,0.0,0.3345724907063197,0
qmsum,ours,plus_sink4,6,8.78048780487805,0.017857142857142856,0.29122468659594986,0
qmsum,ours,plus_sink4,7,3.9215686274509802,0.006802721088435374,0.2928786359077232,0
qmsum,ours,plus_sink4,8,6.1349693251533735,0.0,0.28688524590163933,0
qmsum,ours,plus_sink4,9,10.191082802547772,0.0,0.24426605504587157,0
qmsum,ours,plus_sink4,10,10.050251256281408,0.023529411764705882,0.3377609108159393,0
qmsum,ours,plus_sink4,11,6.329113924050632,0.006802721088435374,0.2928786359077232,0
qmsum,ours,plus_sink4,12,13.16872427983539,0.023809523809523808,0.3857740585774059,0
qmsum,ours,plus_sink4,13,8.333333333333332,0.010638297872340425,0.1458966565349544,0
qmsum,ours,plus_sink4,14,11.707317073170733,0.025,0.3150406504065041,0
qmsum,ours,plus_sink4,15,15.929203539823009,0.08426966292134831,0.4496466431095406,0
qmsum,ours,plus_sink4,16,12.19512195121951,0.0,0.24426605504587157,0
qmsum,ours,plus_sink4,17,12.093023255813952,0.023529411764705882,0.3377609108159393,0
qmsum,ours,plus_sink4,18,5.517241379310345,0.009708737864077669,0.33238636363636365,0
qmsum,ours,plus_sink4,19,9.375000000000002,0.006802721088435374,0.2928786359077232,0
qmsum,ours,plus_sink4,20,11.1731843575419,0.013513513513513514,0.30546955624355004,0
qmsum,ours,plus_sink4,21,10.738255033557047,0.06140350877192982,0.4900398406374502,0
qmsum,ours,plus_sink4,22,5.952380952380952,0.0,0.3345724907063197,0
qmsum,ours,plus_sink4,23,7.407407407407408,0.01652892561983471,0.30317273795534666,0
qmsum,ours,plus_sink4,24,15.584415584415586,0.0,0.270873786407767,0
qmsum,ours,plus_sink4,25,6.535947712418301,0.053691275167785234,0.4065573770491803,0
qmsum,ours,plus_sink4,26,15.04424778761062,0.013513513513513514,0.30546955624355004,0
qmsum,ours,plus_sink4,27,8.08080808080808,0.017857142857142856,0.29122468659594986,0
qmsum,ours,plus_sink4,28,7.5829383886255926,0.024691358024691357,0.3438077634011091,0
qmsum,ours,plus_sink4,29,13.88888888888889,0.0,0.24426605504587157,0
qmsum,adakv,baseline_nosink,0,6.329113924050632,0.702247191011236,0.9301270417422868,1
qmsum,adakv,baseline_nosink,1,0.0,0.9192546583850931,1.0,1
qmsum,adakv,baseline_nosink,2,4.137931034482759,0.9119496855345912,0.9883474576271186,1
qmsum,adakv,baseline_nosink,3,1.9704433497536946,0.8975903614457831,1.0,1
qmsum,adakv,baseline_nosink,4,3.3707865168539324,0.7471910112359551,0.9242579324462641,1
qmsum,adakv,baseline_nosink,5,1.0582010582010581,0.7440476190476191,0.8664085188770572,1
qmsum,adakv,baseline_nosink,6,1.1976047904191618,0.9431818181818182,0.9887218045112782,1
qmsum,adakv,baseline_nosink,7,2.4844720496894412,0.875,0.9655172413793104,1
qmsum,adakv,baseline_nosink,8,3.703703703703704,0.8448275862068966,0.9457221711131555,1
qmsum,adakv,baseline_nosink,9,6.024096385542169,0.27741935483870966,0.7033985581874357,1
qmsum,adakv,baseline_nosink,10,1.01010101010101,0.8611111111111112,0.9250814332247557,1
qmsum,adakv,baseline_nosink,11,1.2048192771084338,0.875,0.9655172413793104,1
qmsum,adakv,baseline_nosink,12,5.2631578947368425,0.9389312977099237,0.9655688622754491,1
qmsum,adakv,baseline_nosink,13,7.291666666666667,0.7530864197530864,1.0,1
qmsum,adakv,baseline_nosink,14,19.35483870967742,0.23668639053254437,0.7651821862348178,1
qmsum,adakv,baseline_nosink,15,15.261044176706825,0.5483870967741935,0.7656108597285067,1
qmsum,adakv,baseline_nosink,16,13.872832369942198,0.27741935483870966,0.7033985581874357,1
qmsum,adakv,baseline_nosink,17,1.8691588785046724,0.8611111111111112,0.9250814332247557,1
qmsum,adakv,baseline_nosink,18,4.347826086956522,0.9444444444444444,1.0,1
qmsum,adakv,baseline_nosink,19,3.0000000000000004,0.875,0.9655172413793104,1
qmsum,adakv,baseline_nosink,20,3.2608695652173907,0.8098159509202454,0.8931068931068931,1
qmsum,adakv,baseline_nosink,21,2.1621621621621623,0.9117647058823529,0.9924487594390508,1
qmsum,adakv,baseline_nosink,22,1.197604790419162,0.7440476190476191,0.8664085188770572,1
qmsum,adakv,baseline_nosink,23,4.25531914893617,0.8975903614457831,1.0,1
qmsum,adakv,baseline_nosink,24,15.286624203821656,0.2345679012345679,0.5699588477366255,0
qmsum,adakv,baseline_nosink,25,3.428571428571429,0.9333333333333333,0.9881081081081081,1
qmsum,adakv,baseline_nosink,26,6.0606060606060606,0.8098159509202454,0.8931068931068931,1
qmsum,adakv,baseline_nosink,27,0.0,0.9431818181818182,0.9887218045112782,1
qmsum,adakv,baseline_nosink,28,3.7209302325581395,0.7891891891891892,0.8872377622377622,1
qmsum,adakv,baseline_nosink,29,23.111111111111114,0.27741935483870966,0.7033985581874357,1
qmsum,adakv,plus_sink4,0,15.172413793103445,0.0,0.30991735537190085,0
qmsum,adakv,plus_sink4,1,10.0,0.04142011834319527,0.32200188857412654,0
qmsum,adakv,plus_sink4,2,9.782608695652174,0.024691358024691357,0.29334500875656744,0
qmsum,adakv,plus_sink4,3,11.282051282051281,0.006578947368421052,0.34452975047984646,0
qmsum,adakv,plus_sink4,4,7.228915662650602,0.03870967741935484,0.33858267716535434,0
qmsum,adakv,plus_sink4,5,6.486486486486485,0.0,0.3903107861060329,0
qmsum,adakv,plus_sink4,6,8.040201005025125,0.10240963855421686,0.46369796708615685,0
qmsum,adakv,plus_sink4,7,8.641975308641976,0.0,0.2176360225140713,0
qmsum,adakv,plus_sink4,8,6.024096385542169,0.0,0.2753479125248509,0
qmsum,adakv,plus_sink4,9,6.41025641025641,0.04054054054054054,0.39125910509885536,0
qmsum,adakv,plus_sink4,10,9.137055837563453,0.0,0.3457350272232305,0
qmsum,adakv,plus_sink4,11,8.383233532934133,0.0,0.2176360225140713,0
qmsum,adakv,plus_sink4,12,9.95850622406639,0.018072289156626505,0.40106951871657753,0
qmsum,adakv,plus_sink4,13,8.484848484848486,0.0,0.31241997439180536,0
qmsum,adakv,plus_sink4,14,15.92039800995025,0.0,0.30434782608695654,0
qmsum,adakv,plus_sink4,15,19.28934010152284,0.013422818791946308,0.2921940928270042,0
qmsum,adakv,plus_sink4,16,11.042944785276074,0.04054054054054054,0.39125910509885536,0
qmsum,adakv,plus_sink4,17,13.145539906103288,0.0,0.3457350272232305,0
qmsum,adakv,plus_sink4,18,8.092485549132949,0.0,0.3283898305084746,0
qmsum,adakv,plus_sink4,19,13.930348258706468,0.0,0.2176360225140713,0
qmsum,adakv,plus_sink4,20,11.299435028248588,0.006896551724137931,0.30784708249496984,0
qmsum,adakv,plus_sink4,21,8.391608391608392,0.009900990099009901,0.3565459610027855,0
qmsum,adakv,plus_sink4,22,3.6809815950920246,0.0,0.3903107861060329,0
qmsum,adakv,plus_sink4,23,6.666666666666667,0.006578947368421052,0.34452975047984646,0
qmsum,adakv,plus_sink4,24,13.88888888888889,0.013605442176870748,0.3237051792828685,0
qmsum,adakv,plus_sink4,25,6.711409395973156,0.02127659574468085,0.2709205020920502,0
qmsum,adakv,plus_sink4,26,11.607142857142856,0.006896551724137931,0.30784708249496984,0
qmsum,adakv,plus_sink4,27,9.375000000000002,0.10240963855421686,0.46369796708615685,0
qmsum,adakv,plus_sink4,28,8.91089108910891,0.025,0.34995296331138287,0
qmsum,adakv,plus_sink4,29,20.465116279069765,0.04054054054054054,0.39125910509885536,0
gov_report,ours,baseline_nosink,0,15.384615384615385,0.0070921985815602835,0.29901423877327493,0
gov_report,ours,baseline_nosink,1,13.2334581772784,0.0718954248366013,0.5462962962962963,0
gov_report,ours,baseline_nosink,2,13.095238095238093,0.007042253521126761,0.2639198218262806,0
gov_report,ours,baseline_nosink,3,12.79707495429616,0.12903225806451613,0.5836065573770491,0
gov_report,ours,baseline_nosink,4,12.871287128712872,0.00641025641025641,0.3648528099910794,0
gov_report,ours,baseline_nosink,5,12.487804878048783,0.0,0.2834170854271357,0
gov_report,ours,baseline_nosink,6,15.151515151515152,0.014492753623188406,0.4986149584487535,0
gov_report,ours,baseline_nosink,7,11.97411003236246,0.5414364640883977,0.8780487804878049,1
gov_report,ours,baseline_nosink,8,11.435523114355233,0.0,0.28225806451612906,0
gov_report,ours,baseline_nosink,9,12.669683257918551,0.006535947712418301,0.3011049723756906,0
gov_report,ours,baseline_nosink,10,13.72549019607843,0.0,0.48808290155440415,0
gov_report,ours,baseline_nosink,11,17.1875,0.0078125,0.4126794258373206,0
gov_report,ours,baseline_nosink,12,14.697406340057634,0.0,0.2858837485172005,0
gov_report,ours,baseline_nosink,13,11.912225705329153,0.007194244604316547,0.3308890925756187,0
gov_report,ours,baseline_nosink,14,15.526802218114605,0.0,0.3465665236051502,0
gov_report,ours,baseline_nosink,15,24.404761904761905,0.0,0.2635416666666667,0
gov_report,ours,baseline_nosink,16,12.895069532237674,0.013245033112582781,0.2857142857142857,0
gov_report,ours,baseline_nosink,17,12.61744966442953,0.013513513513513514,0.3103448275862069,0
gov_report,ours,baseline_nosink,18,18.867924528301888,0.030612244897959183,0.4492753623188406,0
gov_report,ours,baseline_nosink,19,18.32358674463937,0.0136986301369863,0.3067484662576687,0
gov_report,ours,baseline_nosink,20,15.458937198067632,0.04827586206896552,0.4646840148698885,0
gov_report,ours,baseline_nosink,21,15.523932729624837,0.006493506493506494,0.3546971027216857,0
gov_report,ours,baseline_nosink,22,14.50617283950617,0.03125,0.3943820224719101,0
gov_report,ours,baseline_nosink,23,17.35159817351598,0.026490066225165563,0.36679174484052535,0
gov_report,ours,baseline_nosink,24,14.69387755102041,0.006535947712418301,0.34282807731434384,0
gov_report,ours,baseline_nosink,25,18.827708703374775,0.04081632653061224,0.39233038348082594,0
gov_report,ours,baseline_nosink,26,13.313161875945537,0.03048780487804878,0.5239410681399632,0
gov_report,ours,baseline_nosink,27,14.509246088193455,0.096,0.5042527339003645,0
gov_report,ours,baseline_nosink,28,12.287581699346404,0.0,0.30545774647887325,0
gov_report,ours,baseline_nosink,29,22.300884955752213,0.013071895424836602,0.3789778206364513,0
gov_report,ours,plus_sink4,0,15.118110236220472,0.0,0.3295985060690943,0
gov_report,ours,plus_sink4,1,15.056461731493101,0.013422818791946308,0.44359626802374896,0
gov_report,ours,plus_sink4,2,11.161387631975867,0.0,0.2866593164277839,0
gov_report,ours,plus_sink4,3,12.903225806451612,0.015267175572519083,0.4075173095944609,0
gov_report,ours,plus_sink4,4,14.230271668822766,0.0,0.32138979370249726,0
gov_report,ours,plus_sink4,5,11.619047619047619,0.04516129032258064,0.4483058210251955,0
gov_report,ours,plus_sink4,6,17.236255572065378,0.00684931506849315,0.44715447154471544,0
gov_report,ours,plus_sink4,7,13.422818791946309,0.006756756756756757,0.3094606542882405,0
gov_report,ours,plus_sink4,8,9.840098400984008,0.0,0.2634194831013916,0
gov_report,ours,plus_sink4,9,15.19756838905775,0.02702702702702703,0.3413654618473896,0
gov_report,ours,plus_sink4,10,13.071895424836603,0.008264462809917356,0.37362637362637363,0
gov_report,ours,plus_sink4,11,19.35483870967742,0.029850746268656716,0.32429378531073444,0
gov_report,ours,plus_sink4,12,14.689265536723168,0.007462686567164179,0.3637400228050171,0
gov_report,ours,plus_sink4,13,12.46105919003115,0.0410958904109589,0.45775301764159704,0
gov_report,ours,plus_sink4,14,12.773722627737225,0.03007518796992481,0.4321110009910803,0
gov_report,ours,plus_sink4,15,25.074626865671647,0.006896551724137931,0.3873239436619718,0
gov_report,ours,plus_sink4,16,12.35813366960908,0.0,0.3968531468531469,0
gov_report,ours,plus_sink4,17,13.717421124828533,0.014184397163120567,0.2746615087040619,0
gov_report,ours,plus_sink4,18,14.57943925233645,0.045454545454545456,0.35900783289817234,0
gov_report,ours,plus_sink4,19,17.938931297709924,0.0,0.2736842105263158,0
gov_report,ours,plus_sink4,20,17.46293245469522,0.09022556390977443,0.4643226473629783,0
gov_report,ours,plus_sink4,21,13.350785340314136,0.0,0.35513169845594916,0
gov_report,ours,plus_sink4,22,13.82488479262673,0.007518796992481203,0.3702171664943123,0
gov_report,ours,plus_sink4,23,16.639999999999997,0.0,0.32855436081242534,0
gov_report,ours,plus_sink4,24,15.846994535519126,0.006493506493506494,0.35014005602240894,0
gov_report,ours,plus_sink4,25,18.117229129662523,0.0,0.21114369501466276,0
gov_report,ours,plus_sink4,26,12.93233082706767,0.0880503144654088,0.5321691176470589,0
gov_report,ours,plus_sink4,27,15.251798561151078,0.02586206896551724,0.4282238442822384,0
gov_report,ours,plus_sink4,28,14.021164021164017,0.0,0.2919020715630885,0
gov_report,ours,plus_sink4,29,21.660649819494587,0.0,0.301792828685259,0
gov_report,adakv,baseline_nosink,0,11.042944785276074,0.8228571428571428,0.9419831223628692,1
gov_report,adakv,baseline_nosink,1,17.68368617683686,0.06918238993710692,0.5228699551569507,0
gov_report,adakv,baseline_nosink,2,19.316493313521544,0.5316455696202531,0.780564263322884,1
gov_report,adakv,baseline_nosink,3,12.274368231046932,0.7037037037037037,0.9117021276595745,1
gov_report,adakv,baseline_nosink,4,10.880829015544041,0.13043478260869565,0.5485232067510548,0
gov_report,adakv,baseline_nosink,5,12.536728697355533,0.06716417910447761,0.46853823814133594,0
gov_report,adakv,baseline_nosink,6,14.847161572052403,0.4451219512195122,0.907563025210084,1
gov_report,adakv,baseline_nosink,7,21.453287197231834,0.015384615384615385,0.367032967032967,0
gov_report,adakv,baseline_nosink,8,13.3492252681764,0.022727272727272728,0.4431137724550898,0
gov_report,adakv,baseline_nosink,9,15.030674846625766,0.7465753424657534,0.9490740740740741,1
gov_report,adakv,baseline_nosink,10,14.469453376205788,0.04225352112676056,0.5492537313432836,0
gov_report,adakv,baseline_nosink,11,21.05263157894737,0.01282051282051282,0.43208661417322836,0
gov_report,adakv,baseline_nosink,12,14.207650273224044,0.03773584905660377,0.45314009661835747,0
gov_report,adakv,baseline_nosink,13,14.756671899529042,0.020689655172413793,0.3713389121338912,0
gov_report,adakv,baseline_nosink,14,13.026819923371647,0.0,0.38443396226415094,0
gov_report,adakv,baseline_nosink,15,24.929178470254957,0.5748502994011976,0.7815356489945156,1
gov_report,adakv,baseline_nosink,16,13.144329896907218,0.0410958904109589,0.3446019629225736,0
gov_report,adakv,baseline_nosink,17,17.333333333333336,0.0064516129032258064,0.2842003853564547,0
gov_report,adakv,baseline_nosink,18,19.813084112149532,0.02608695652173913,0.43366093366093367,0
gov_report,adakv,baseline_nosink,19,20.948616600790515,0.11188811188811189,0.44379391100702575,0
gov_report,adakv,baseline_nosink,20,10.223642172523963,0.8547486033519553,0.9428284854563691,1
gov_report,adakv,baseline_nosink,21,10.796221322537113,0.024390243902439025,0.44823906083244397,0
gov_report,adakv,baseline_nosink,22,7.738095238095238,0.47368421052631576,0.6750261233019854,1
gov_report,adakv,baseline_nosink,23,17.824773413897283,0.20121951219512196,0.51953125,0
gov_report,adakv,baseline_nosink,24,15.510204081632653,0.033112582781456956,0.4093886462882096,0
gov_report,adakv,baseline_nosink,25,19.36619718309859,0.0880503144654088,0.6032315978456014,0
gov_report,adakv,baseline_nosink,26,14.803625377643506,0.03773584905660377,0.3870967741935484,0
gov_report,adakv,baseline_nosink,27,12.027972027972028,0.6111111111111112,0.9459193706981318,1
gov_report,adakv,baseline_nosink,28,14.96062992125984,0.040268456375838924,0.3866279069767442,0
gov_report,adakv,baseline_nosink,29,9.041591320072333,0.8758169934640523,0.9206008583690987,1
gov_report,adakv,plus_sink4,0,16.74418604651163,0.01282051282051282,0.3651226158038147,0
gov_report,adakv,plus_sink4,1,12.307692307692308,0.0,0.24232456140350878,0
gov_report,adakv,plus_sink4,2,13.8763197586727,0.014388489208633094,0.3365591397849462,0
gov_report,adakv,plus_sink4,3,11.538461538461538,0.006622516556291391,0.3647166361974406,0
gov_report,adakv,plus_sink4,4,13.801756587202007,0.006802721088435374,0.28768382352941174,0
gov_report,adakv,plus_sink4,5,12.2568093385214,0.0,0.37453183520599254,0
gov_report,adakv,plus_sink4,6,13.08980213089802,0.007352941176470588,0.41579448144624165,0
gov_report,adakv,plus_sink4,7,14.666666666666666,0.0,0.28433945756780404,0
gov_report,adakv,plus_sink4,8,13.42925659472422,0.0,0.3723958333333333,0
gov_report,adakv,plus_sink4,9,10.344827586206897,0.014925373134328358,0.3945233265720081,0
gov_report,adakv,plus_sink4,10,16.859504132231407,0.05737704918032787,0.4717832957110609,0
gov_report,adakv,plus_sink4,11,20.338983050847457,0.015625,0.28698553948832034,0
gov_report,adakv,plus_sink4,12,11.614730878186968,0.015625,0.2366504854368932,0
gov_report,adakv,plus_sink4,13,12.718600953895074,0.0,0.32893401015228424,0
gov_report,adakv,plus_sink4,14,13.644524236983841,0.0,0.3082627118644068,0
gov_report,adakv,plus_sink4,15,21.951219512195124,0.013986013986013986,0.33074684772065954,0
gov_report,adakv,plus_sink4,16,10.43256997455471,0.013333333333333334,0.2583862194016319,0
gov_report,adakv,plus_sink4,17,15.978695073235686,0.0,0.24458483754512636,0
gov_report,adakv,plus_sink4,18,18.631178707224336,0.050505050505050504,0.4563380281690141,0
gov_report,adakv,plus_sink4,19,21.484375,0.0,0.28713858424725824,0
gov_report,adakv,plus_sink4,20,16.025641025641026,0.006896551724137931,0.27864077669902915,0
gov_report,adakv,plus_sink4,21,10.663198959687907,0.0,0.31283422459893045,0
gov_report,adakv,plus_sink4,22,12.424242424242424,0.007246376811594203,0.3383838383838384,0
gov_report,adakv,plus_sink4,23,13.574660633484163,0.0,0.3203125,0
gov_report,adakv,plus_sink4,24,14.130434782608697,0.0,0.2736842105263158,0
gov_report,adakv,plus_sink4,25,18.505338078291818,0.0,0.30740037950664134,0
gov_report,adakv,plus_sink4,26,14.545454545454545,0.07006369426751592,0.48895292987512007,0
gov_report,adakv,plus_sink4,27,16.292134831460675,0.0,0.25854700854700857,0
gov_report,adakv,plus_sink4,28,10.039630118890356,0.0,0.2639442231075697,0
gov_report,adakv,plus_sink4,29,14.855072463768119,0.0,0.2858555885262117,0
