method,sample_idx,variant,score,word_rep,char_rep,collapsed,prediction
ours,0,baseline,7.282913165266107,0.4054726368159204,0.5850657615613067,True,"The team is discussing the design of a new remote control device. The goal is to create a sleek, stylish, and functional product that is unique and user-friendly. They are considering a design that is similar to the latest generation of phones, which have fewer physical buttons and rely more on a touchscreen interface. The team is also considering the battery life of the remote control, as it is an important factor for users. They want to ensure that the remote control is easy to use and that the user experience is intuitive. The team is also considering the target market and the features that would make the remote control stand out from existing products. They are aiming to create a product that is both innovative and practical, with a focus on usability and design. The discussion also touches on the importance of a clear user interface and the need for a functional yet aesthetically pleasing design. The team is also considering the production costs and the target profit margin, which is set at 50 million euros. They are aiming to sell the remote control for 25 euros each, with a production cost of 12.5 euros. The team is also considering the marketing strategy and how to position the product in the market. They are looking for a design that is not only functional but also appealing to a wide range of users. The discussion highlights the importance of a user-centered design approach and the need to balance innovation with practicality. The team is also considering the potential for the product to be successful in the international market. They are aiming to create a product that is both innovative and practical, with a focus on usability and design. The discussion also touches on the importance of a clear user interface and the need for a functional yet aesthetically pleasing design. The team is also considering the production costs and the target profit margin, which is set at 50 million euros. They are aiming to sell the remote control for 25 euros each, with a production cost of 12.5 euros. The team is also considering the marketing strategy and how to position the product in the market. They are looking for a design that is not only functional but also appealing to a wide range of users. The discussion highlights the importance of a user-centered design approach and the need to balance innovation with practicality."
ours,0,sink4,9.80392156862745,0.02083333333333337,0.17317487266553477,False,"The team is discussing the design of a new remote control. The goal is to create a sleek, stylish, and functional device that is different from existing models. They are considering a menu-based interface, reducing the number of physical buttons, and focusing on user-friendliness. The remote should be original, with a high battery life, and not too complicated for new users. The team is also considering the design of the remote control, aiming for a modern, minimalist look that is both functional and aesthetically pleasing. They plan to finalize the design and move on to the next steps."
ours,1,baseline,7.909604519774012,0.34635416666666663,0.5391187050359711,True,"The team is discussing the design and implementation of a new remote control device, focusing on the following key points:

1. **Product Design and Features**:
   - The new remote control is a small, round, and inexpensive device.
   - It features a scroll wheel and a button for navigation.
   - The device is designed to be compatible with a laptop and a game controller (like a PlayStation or Xbox).

2. **Technical Specifications**:
   - The device uses a standard battery (not a kinetic battery).
   - The chip used in the device depends on whether a scroll wheel is included or not.
     - If a scroll wheel is included, a ""regular"" chip is used.
     - If a scroll wheel is not included, a ""simple"" chip is used.
   - The device is designed to be small and lightweight, with a rubber around the edges for a better grip.

3. **Design and User Experience**:
   - The device is designed to be intuitive and easy to use, with a ""touch"" button for navigation.
   - The team is considering the use of a joystick or a game controller for better navigation.
   - The device is designed to be compatible with both a laptop and a game controller.

4. **Project Management and Team Collaboration**:
   - The team is working on a ""detailed design"" meeting, which will be held in 30 minutes.
   - The team is working on a ""design"" and ""implementation"" plan, with the goal of completing the project in one hour.
   - The team is also considering the use of a ""remote control"" for the device, which is a small, round, and inexpensive device.

5. **Marketing and Sales**:
   - The team is focusing on the ""marketing"" and ""sales"" aspects of the project.
   - The device is designed to be a ""marketing"" and ""sales"" tool, with the goal of being ""easy to use"" and ""cost-effective"".
   - The team is also considering the use of a ""remote control"" for the device, which is a small, round, and inexpensive device.

6. **Team Collaboration and Communication**:
   - The team is working on a ""design"" and ""implementation"" plan, with the goal of completing the project in one hour.
   - The team is also focusing on the ""marketing"" and ""sales"" aspects of the project.
   - The team is also considering the use of a ""remote control"" for the device,"
ours,1,sink4,11.702127659574465,0.03164556962025311,0.24224224224224222,False,"The meeting discussed the design of a new remote control device, focusing on its interface, functionality, and cost. Key points included:

- **Design Concept**: The remote control should be small, user-friendly, and resemble a joystick or game controller for ease of use.
- **Interface**: The device should have a simple, intuitive interface, possibly with a touchscreen or buttons for basic functions.
- **Cost**: The design should be affordable, using a standard battery and a simple chip to keep costs low.
- **Functionality**: The remote should be easy to use, with a compact size and a design that is both functional and aesthetically pleasing.
- **Target Audience**: The device is intended for younger users, emphasizing simplicity and ease of use.
- **Final Steps**: The team agreed to finalize the design and prepare for the next meeting, where detailed design work would begin.

The meeting concluded with a plan to finalize the design and ensure it meets the project's requirements and budget."
ours,2,baseline,5.714285714285714,0.1029411764705882,0.43095667870036103,False,"The conversation between Professor C and their team members discusses the planning and execution of a research project, focusing on the development of a belief network and the integration of formalization efforts. Key points include:

1. **Project Goals and Team Dynamics**:  
   - The team is working on a project involving a belief network and formalization efforts.  
   - There is a discussion about the need for a pragmatic approach, balancing theoretical rigor with practical implementation.  
   - The team is considering the inclusion of a new doctoral student, Eva, who will join the project in the fall.  

2. **Research and Collaboration**:  
   - The team is exploring the use of a belief network to model complex systems, with a focus on formalization and technical analysis.  
   - There is a mention of a potential collaboration with a German AI center (DFKI) and a research institute in Geneva, with plans to formalize the project’s goals.  

3. **Challenges and Decisions**:  
   - The team is discussing the importance of balancing theoretical and practical work, with a need to finalize the belief network’s structure and ensure it aligns with broader formalization efforts.  
   - A new doctoral student, Eva, is expected to join the project, and the team is planning to involve her in the belief network work.  

4. **Future Plans**:  
   - The team plans to finalize the belief network’s design and address technical questions related to its implementation.  
   - There is a mention of an upcoming meeting with Ellen to discuss image schemas and their relevance to the project.  
   - The team is also considering a collaboration with a bank in Geneva, which has ties to a research institute in Switzerland.  

5. **Team Collaboration and Feedback**:  
   - The discussion emphasizes the importance of clear communication and shared goals, with the team aiming to resolve technical and conceptual challenges.  
   - The team is open to feedback and is planning to formalize their approach to ensure the project’s success.  

The conversation highlights the collaborative nature of the project, the need for pragmatic problem-solving, and the integration of new members and external collaborations."
ours,2,sink4,5.07936507936508,0.04100946372239744,0.33409926470588236,False,"**Summary:**

In a discussion about the ongoing research and academic projects, the group is focusing on the formalization of knowledge and the development of a belief-net system. The conversation touches on several key points:

1. **Formalization and Belief-Net System**: The group is working on a project to formalize knowledge, aiming to create a belief-net system that can be applied in both academic and practical contexts. This involves collaboration between researchers and students, with a focus on building a structured framework for knowledge representation.

2. **Research and Collaboration**: The team is discussing the importance of balancing theoretical rigor with practical implementation. While some members are committed to strict formalism, others are pragmatic, emphasizing the need for flexibility and real-world applicability.

3. **PhD Students and Projects**: There is mention of a new doctoral student joining the project, likely in the coming weeks. The group is also considering the inclusion of a student who is interested in a research project on image schemas, which could be relevant to their work.

4. **Academic and Research Opportunities**: The discussion includes plans for a talk by a student (Ami) at a research institution in Geneva, which is connected to the group’s work. There is also a mention of a take-home final exam for a student, highlighting the academic challenges and deadlines.

5. **Collaboration and Planning**: The group is planning to finalize the belief-net project and explore its integration with other efforts in formalization. They are also considering the inclusion of a new student and are open to adjusting their approach based on feedback and collaboration.

6. **Academic and Professional Networks**: The conversation touches on the importance of interdisciplinary collaboration, with references to institutions like DFKI (German AI Institute) and EPFL (Swiss research institute), emphasizing the value of international partnerships.

The discussion reflects a blend of theoretical and practical goals, with a focus on advancing research while maintaining a balance between academic rigor and real-world application."
ours,3,baseline,14.634146341463417,0.13855421686746983,0.3673851921274601,False,"The meeting concluded with a discussion about the project's presentation and the design of the product. The team reviewed the slides, which were initially blank but later added content. They discussed the product's design, comparing it to a ""happy face"" and noting that it looked like a tongue from a previous design. The team considered the product's functionality and the need for a more innovative design. They also discussed the importance of marketing and the product's potential success, with some members expressing skepticism about its marketability. The meeting ended with a decision to proceed with the project and a plan to finalize the presentation. The team acknowledged the challenges of the project and the need for further refinement. The discussion highlighted the importance of collaboration and the need for a more polished presentation. The meeting concluded with a decision to move forward with the project and a plan to finalize the presentation. The team agreed to review the slides and make any necessary adjustments before the final presentation."
ours,3,sink4,13.414634146341461,0.018181818181818188,0.2573099415204678,False,"The meeting concluded with a discussion on the project's presentation and design. The team reviewed the slides, which were initially blank but later became more detailed. The project manager noted that the slides were not well-designed and that the team needed to focus on improving the presentation. The industrial designer mentioned that the design was a bit complex, while the marketing team felt it was too simple. They discussed the product's potential and the need for better marketing. The team also talked about the importance of user experience and the need for a more engaging design. The meeting ended with a plan to finalize the presentation and move forward with the project."
ours,4,baseline,6.0060060060060065,0.11206896551724133,0.40667267808836793,False,"The team is discussing the design of a new remote control device that incorporates speech recognition and a user-friendly interface. The goal is to create a product that is both functional and aesthetically appealing, with a focus on incorporating trends in design and materials. Key points from the discussion include:

1. **User Interface and Product Evaluation**: The Industrial Designer and Project Manager are collaborating to develop a prototype using modeling clay. The Industrial Designer is responsible for the user interface design, while the Project Manager will oversee the product evaluation.

2. **Trends and Materials**: The team is considering using materials like rubber or titanium to create a product that is both functional and visually appealing. The idea of making the device ""spongy"" or ""fruit-like"" is being explored, with a focus on making it ""fancy"" and appealing to consumers.

3. **Functionality and Features**: The device should include a speech recognition feature and a minimalistic design with a small number of buttons. The team is also considering the use of an LCD screen to display information, as well as the use of a single or dual battery system.

4. **Design and Aesthetics**: The team is discussing the importance of a ""fancy"" design that stands out in the market. They are considering the use of colors and materials that reflect current trends, such as a ""fruit and vegetable"" theme.

5. **Product Development**: The team is planning to explore two design options: one that uses a titanium-like material and another that is spongy and ""fruit-like."" They are also considering the use of a modeling clay prototype to test the design.

6. **Market and Consumer Appeal**: The team is emphasizing the importance of creating a product that is not only functional but also visually appealing and aligned with current trends. They are also considering the durability and practicality of the product, ensuring it meets the needs of consumers.

In summary, the team is working on a remote control device that combines speech recognition, a user-friendly interface, and a design that is both functional and aesthetically pleasing, with a focus on incorporating current trends and materials."
ours,4,sink4,6.756756756756757,0.015037593984962405,0.20236686390532543,False,"The team is discussing the design and development of a new product, focusing on user interface design, product evaluation, and the integration of features like speech recognition, buttons, and themes inspired by fruits and vegetables. They are considering the use of materials like rubber and titanium, and exploring the possibility of making the product spongy or shaped like fruits. The team is also discussing the importance of a user-friendly design, the inclusion of a display screen, and the balance between functionality and aesthetics. They are deciding on the final design and are planning to work on a prototype using modeling clay. The discussion highlights the need to follow current trends and ensure the product is both practical and visually appealing. The team agrees to proceed with the design and will meet again in thirty minutes."
ours,5,baseline,5.825242718446601,0.06326034063260344,0.426917510853835,False,"The discussion revolves around the development and evaluation of a neural network model for speech recognition, with a focus on improving performance through various techniques and considerations. The team is exploring the use of a neural network (MLP) to enhance the accuracy of their speech recognition system. They are considering whether to integrate the MLP into their existing framework, acknowledging that if it doesn't provide significant improvements, they might not use it. The conversation touches on the challenges of training and optimizing the model, with a focus on resource constraints and the need to balance performance with computational efficiency.

Key points discussed include:

1. **Neural Network Integration**: The team is evaluating whether to incorporate a neural network (MLP) into their system. If the MLP proves beneficial, they might use it; otherwise, they may not. The discussion highlights the importance of testing and validating the MLP's effectiveness before full integration.

2. **Training and Optimization**: There is a focus on training the model with a limited dataset and optimizing it for performance. The team is concerned about computational resources (CPU and memory) and the need to balance model complexity with efficiency.

3. **Collaboration and Feedback**: The team is working with other researchers (e.g., Sunil) who are exploring multi-band neural networks and other architectures. They are considering combining their work with existing systems to improve results, but they are cautious about overfitting and the need for careful evaluation.

4. **Evaluation and Testing**: The team is testing the model on various datasets and is looking for ways to improve its accuracy. They are also discussing the importance of evaluating the model's performance and ensuring it meets the required standards.

5. **Challenges and Constraints**: The team is aware of the limitations of their current setup, including memory and computational constraints. They are exploring ways to optimize the model without overcomplicating the system.

6. **Future Work**: The discussion ends with a focus on continuing to refine the model, testing new ideas, and ensuring that the system is both effective and efficient. The team is also considering the integration of new features and the need to stay aligned with the broader research goals.

In summary, the conversation highlights the ongoing efforts to improve a speech recognition system using neural networks, with a focus on balancing performance, resource usage, and collaboration with other researchers. The team is methodically evaluating the potential of the MLP and is open to integrating it if it proves beneficial, while also addressing technical challenges and constraints."
ours,5,sink4,7.6923076923076925,0.07017543859649122,0.39660876757650954,False,"The discussion revolves around the development and evaluation of a neural network model for speech recognition, with a focus on improving performance through various techniques and addressing challenges related to computational resources and training data. Key points include:

1. **Neural Network Evaluation**: The team is exploring the use of a neural network (MLP) to enhance speech recognition performance. They consider whether to implement it, given that it might not be necessary if the MLP does not significantly improve results.

2. **Training and Data**: The team is working on training the model with a focus on optimizing features and reducing computational load. They are considering using a neural network for tasks like speaker diarization and are evaluating its effectiveness in improving results.

3. **Resource Constraints**: There is a discussion about the limitations of computational resources (CPU and memory) and the need to balance training efforts with practical constraints. The team acknowledges that while neural networks can be powerful, they must be used judiciously due to resource limitations.

4. **Collaboration and Feedback**: The team is collaborating with others (e.g., OGI) and is considering integrating their features and models. They are also discussing the importance of testing and refining models, as well as the need for continuous improvement and feedback.

5. **Future Work**: The team is exploring new approaches, such as multi-band systems and belief networks, to enhance performance. They are also considering how to integrate these improvements into their existing framework while ensuring efficiency and accuracy.

6. **Challenges and Solutions**: The team is addressing challenges like memory management, computational efficiency, and the need for iterative improvements. They are also discussing the importance of testing and validating models through experiments and feedback.

7. **Team Collaboration**: The discussion highlights the collaborative nature of the project, with team members contributing ideas and resources. There is a focus on ensuring that the model is both effective and efficient, even under resource constraints.

In summary, the team is working on refining a neural network-based speech recognition system, balancing performance improvements with practical considerations, and collaborating to overcome technical and resource-related challenges."
ours,6,baseline,8.0,0.07100591715976334,0.2520325203252033,False,"The discussion centered around the development of a belief network (or ""belief-net"") for natural language processing, with a focus on integrating XML data and discourse analysis. The team discussed the importance of using XML for structured data and the potential to leverage existing corpora for training models. They considered the challenges of handling discourse annotations and the need for a flexible, modular approach to processing data. The conversation also touched on the practical aspects of implementing and testing the system, with a focus on ensuring it can handle complex tasks like navigating to specific locations, such as the ""Powder Tower,"" which is a historical site in Heidelberg. The team acknowledged the need for collaboration and the use of existing resources to streamline development. They also discussed the importance of testing and refining the system, with the goal of making it adaptable and user-friendly. The discussion concluded with a plan to continue working on the project, with a focus on integrating XML data and improving the system's ability to handle real-world tasks."
ours,6,sink4,6.467661691542288,0.07235142118863047,0.382,False,"The discussion revolves around the development of a belief network (or Bayesian network) for natural language processing, specifically focusing on XML data and discourse analysis. The team is exploring ways to leverage existing tools and data to build a system that can process and analyze discourse, with a focus on XML-based data and discourse annotations. Key points include:

1. **XML and Discourse Analysis**: The team is considering using XML for structuring data, particularly for discourse analysis. They are evaluating whether to use existing XML libraries or build their own, with a focus on integrating discourse annotations (e.g., from the MATE project) to improve the system's ability to understand and process complex text.

2. **Belief Networks**: The goal is to develop a belief network that can learn from data and make probabilistic inferences. The team is discussing how to design this network, with a focus on using existing tools and data to avoid reinventing the wheel. They are also considering whether to use pre-existing corpora or generate their own.

3. **Time Frame and Deliverables**: The project is not under a strict timeline, but the team is aiming to complete a prototype within a few days. They plan to start with a basic version of the belief network and iteratively improve it.

4. **Technical Challenges**: The team is addressing challenges such as handling XML data, integrating discourse annotations, and ensuring the system can process and analyze text in a way that mimics human understanding. They are also discussing the importance of using real-world data and annotations to train the network.

5. **Navigation System Example**: The discussion includes a metaphor about a navigation system that might misdirect users (e.g., taking them to the wrong address instead of the correct entrance to a building), highlighting the need for accurate and context-aware systems.

6. **Collaboration and Next Steps**: The team is planning to collaborate on the project, with specific tasks assigned to individuals. They aim to present their progress and ideas in the next meeting, focusing on features and the structure of the belief network.

In summary, the team is working on a project to develop a belief network for natural language processing, leveraging XML data and discourse analysis, with a focus on accuracy, integration of existing tools, and iterative development. They are addressing technical challenges and planning next steps for collaboration and testing."
ours,7,baseline,1.8518518518518516,0.06896551724137934,0.36869793950021923,False,"The Welsh Government has announced a new childcare and early education initiative, the **Childcare and Early Years (Wales) Scheme**, which aims to provide **30 hours of free childcare per week** for working parents in eligible areas. The scheme is designed to support working families, particularly those in disadvantaged communities, by offering **10 hours of free early education** per week, in addition to the **30 hours of free childcare**. The initiative is part of a broader effort to improve access to quality childcare and support parents in balancing work and family life.

### Key Points of the Scheme:
1. **Eligibility**: 
   - Parents must work at least 16 hours per week.
   - The child must be **3 years old or older**.
   - The child must be **eligible for the 10-hour early education** (e.g., through the **Flying Start** or **Team Around the Family** model).

2. **Structure**:
   - **30 hours of free childcare** per week for eligible families.
   - **10 hours of free early education** per week, which is **free for all children** in Wales, regardless of income.
   - The **10-hour early education** is **free for all children**, while the **30-hour childcare** is **free for eligible families**.

3. **Funding and Support**:
   - The scheme is **funded by the Welsh Government**.
   - The **£4.50 per hour** rate is intended to be **affordable** for families.
   - The **quality of childcare** is a key focus, with an emphasis on **registered and inspected providers** to ensure standards.

4. **Impact on Child Development**:
   - The scheme is designed to **accelerate child development** for children who can access it.
   - It aims to **reduce the gap in educational outcomes** between children born in different months (e.g., summer-born vs. Michaelmas-born), by providing **more consistent childcare**.

5. **Integration with UK Tax-Free Childcare**:
   - The Welsh Government is **considering integration** with the **UK’s tax-free childcare** scheme, which is available across the UK.
   - Parents who are eligible for the UK scheme may also be eligible for the Welsh childcare offer, but the **payment structure** is currently **different** (direct payments from local government to providers, not through a parental account).

6. **Challenges and Consider"
ours,7,sink4,3.0150753768844223,0.029126213592232997,0.30014858841010406,False,"The Welsh Government has announced a new childcare offer aimed at supporting working families, with a focus on providing 30 hours of free childcare per week for eligible families. The scheme is designed to be affordable and accessible, with a £4.50 per hour rate, and is intended to support child development and reduce the burden on working parents. The offer is part of a broader strategy to improve childcare quality and accessibility, with a focus on registered inspected providers. The government has also considered integrating the scheme with the UK's tax-free childcare offer, but has opted for a different approach to ensure affordability and simplicity. The scheme is being piloted in various areas, including Gwynedd, where it is being combined with the Team Around the Family approach. The government acknowledges the importance of addressing the needs of disadvantaged families and has emphasized the need for clear communication to ensure parents understand the benefits of the scheme. The offer is also being evaluated for its impact on child development and work participation, with early evidence suggesting positive outcomes for families. The government is committed to ensuring that the scheme is accessible and beneficial for all eligible families, while also considering the integration of the scheme with other support measures."
ours,8,baseline,5.333333333333333,0.013333333333333308,0.24310520939734426,False,"The conversation discusses the development and evaluation of a hybrid speech recognition system, focusing on the use of a neural network (MLP) and the decision to adapt it using either alignments from the SRI (Speech Recognition Interface) system or through embedded training. The team is considering whether to use the existing alignments or train the MLP from scratch. They mention the importance of evaluating the MLP's performance on a task like the OGI (Ohio State University) numbers task to determine if embedded training improves results. They also discuss the impact of different training methods, such as using gender-dependent training and the number of hidden units in the neural network. The discussion highlights the trade-off between training time and performance, with the team deciding to start with a smaller network (2,000 hidden units) for testing. The conversation ends with a reference to ""Uncle Bernie's Rule"" and the decision to continue the discussion later."
ours,8,sink4,4.0,0.0331125827814569,0.27169421487603307,False,"The conversation discusses the development and evaluation of a hybrid speech recognition system, focusing on the use of a neural network (MLP) and the importance of testing its performance before full training. The team is considering whether to use alignments from the SRI (Speech Recognition Interface) system or to perform embedded training. They mention the error rate improvements and the need for a sanity check on the MLP's outputs. The discussion also touches on the differences between the Cambridge system and their own system, particularly in terms of feature sets and training methods. They discuss the potential benefits of embedded training and the choice of hidden unit size in the neural network. The conversation ends with a decision to start with a smaller network and the importance of testing before full training. The key points include the comparison of systems, the role of alignments, and the trade-offs between training data and model performance."
ours,9,baseline,8.383233532934131,0.039735099337748325,0.296875,False,"The team is discussing the design of a universal remote control that can perform multiple functions, such as changing channels, adjusting volume, and navigating through a menu. They are considering the number of buttons and the complexity of the interface. The discussion revolves around the need for a simple and intuitive interface that can handle common tasks like changing channels and adjusting volume, while also considering the complexity of more advanced features like recording sequences of actions or navigating through a menu. The team is also discussing the importance of a user-friendly design that can be adapted to different user needs and preferences. They are considering the use of a single button for common actions and the inclusion of features like a ""go back"" button and a history function to enhance the user experience. The discussion ends with a decision to meet again in thirty minutes to finalize the design and technical specifications."
ours,9,sink4,6.299212598425196,0.010101010101010055,0.16178736517719572,False,"The team is discussing the design of a universal remote control with specific functions such as changing channels, adjusting volume, and potentially more complex actions like navigating to specific channels or recording sequences of actions. They are considering the user interface and user experience, including features like a ""go back"" button, history tracking, and the ability to record sequences of actions. The discussion also touches on the importance of user requirements and the need to balance functionality with simplicity. The team plans to meet again in thirty minutes to refine their ideas and work on the technical aspects of the project."
adakv,0,baseline,5.405405405405405,0.05670103092783507,0.27847049044056527,False,"The team is discussing the design of a new remote control device, focusing on making it more user-friendly, stylish, and functional. They aim to create a remote control that is sleek, modern, and intuitive, with a design that is both functional and aesthetically pleasing. The discussion highlights the need for a remote control that is not overly complicated, with a minimalist design that avoids unnecessary buttons, similar to the sleek and stylish designs of modern smartphones. The team is considering a menu-based interface or a touchscreen interface that allows users to navigate through options without the need for physical buttons. They also discuss the importance of battery life and the need for a design that is easy to use for a wide range of users, including those who may not be familiar with the technology. The team is also considering the inclusion of features that are unique to this remote control, such as a long battery life, while ensuring that the device remains compatible with existing technologies and user expectations. The discussion concludes with the team agreeing on the direction of the project and the need to finalize the design and specifications for the remote control."
adakv,0,sink4,8.0,0.0,0.15671641791044777,False,"The team is discussing the design of a new remote control for a product, focusing on making it sleek, stylish, and user-friendly. They aim to differentiate it from existing models by incorporating a menu-based interface, reducing the number of physical buttons, and using a touchscreen for functionality. The remote should be intuitive, with a focus on user experience, and avoid unnecessary complexity. The team also considers features like battery life and the need for a learning curve, ensuring the product is accessible to a wide range of users. The discussion highlights the importance of balancing innovation with usability, ensuring the remote control is both modern and functional. The meeting concludes with a plan to move forward with the design, with specific instructions for the team to follow."
adakv,1,baseline,8.88888888888889,0.04280155642023342,0.4113924050632911,False,"The meeting concluded with the team agreeing on the following key points for the new remote control device:

1. **Design and Functionality**:  
   - The remote control should be **small, round**, and **similar to a PlayStation controller**.  
   - It should have **scroll buttons** (for navigation) and **joystick** functionality for better control.  
   - The **shape** should be **ergonomic**, with **rubberized** buttons and a **curved** design for comfort.  

2. **Battery and Cost**:  
   - A **standard battery** will be used, as **kinetic batteries** are too expensive.  
   - The **cost** is a concern, but the team agreed that the **basic design** is **feasible** and **cost-effective**.  

3. **User Interface and Experience**:  
   - The **screen** (LCD) will be **small** and **integrated** into the device.  
   - The **user interface** should be **simple**, with **buttons** for navigation and **scrolling**.  
   - The **design** should be **modern**, **compact**, and **user-friendly** for **younger users**.  

4. **Project Timeline**:  
   - The team agreed to **finalize the design** and **prepare the prototype** for the **next meeting** (detailed design phase).  
   - The **next meeting** will focus on **refining the design** and ensuring all components (battery, LCD, scroll, joystick) are **compatible** and **cost-effective**.  

5. **Key Decisions**:  
   - **No kinetic battery** (too expensive).  
   - **Standard battery** for simplicity and cost.  
   - **Scroll and joystick** for navigation and control.  
   - **Ergonomic design** with **rubberized buttons** and a **curved** shape.  

The team emphasized the importance of **user-friendly design** and **cost efficiency**, while ensuring the device is **modern** and **accessible** for younger users. The **next step** is to **finalize the design** and **prepare the prototype** for the **detailed design meeting**."
adakv,1,sink4,8.60215053763441,0.03816793893129766,0.3076463560334528,False,"The meeting discussed the design and development of a new remote control device, focusing on its functionality, cost, and user interface. Key points included:

1. **Design and Functionality**: The team considered a remote control with a scroll wheel and joystick-like functionality, similar to a PlayStation controller. The device needed to be small, intuitive, and user-friendly, with a curved design for better ergonomics.

2. **User Interface**: The remote control should have a simple, intuitive interface with buttons and a scroll wheel. The design needed to be easy to use, with a focus on ease of operation and minimal complexity.

3. **Cost and Components**: The team discussed using a normal battery and a regular chip, avoiding more expensive options like kinetic energy or advanced chips. The cost was a key consideration, with the goal of keeping the device affordable.

4. **Form Factor**: The remote control was to be small and compact, possibly resembling a phone or a joystick. The design needed to be practical and functional, with a focus on usability and user experience.

5. **Market Considerations**: The device was targeted at younger users, emphasizing simplicity and ease of use. The team also considered the importance of the device's appearance and how it would fit into the user's lifestyle.

6. **Next Steps**: The team agreed to finalize the design and components within the next meeting, with a focus on ensuring the device is both functional and cost-effective.

The meeting concluded with a plan to move forward with the design, ensuring that the remote control meets the needs of its target audience while remaining affordable and user-friendly."
adakv,2,baseline,5.5096418732782375,0.07967032967032972,0.4005636070853462,False,"The conversation between the professors and students discusses the planning and organization of a research project involving formalization and academic work, including discussions about theses, research topics, and collaborations. Key points include:

1. **Research Project and Formalization**: The group is working on a project that involves formalizing concepts, with a focus on belief networks and logical structures. They aim to build a system that can analyze and model complex ideas, drawing on both theoretical and practical aspects of computer science and philosophy.

2. **Thesis and Research**: There is a mention of a doctoral student, Eva, who is joining the project, and discussions about her potential thesis topic. The group is considering whether to formalize the project as a separate effort or integrate it with larger initiatives.

3. **Collaborations and Meetings**: The team is planning to collaborate with institutions in Germany and Switzerland, including the German AI Center (DFKI) and a research institute in Geneva. There is a discussion about potential meetings or visits to these locations.

4. **Academic and Research Planning**: The group is discussing the structure of their work, with a focus on ensuring that the project is both technically sound and aligned with broader academic goals. They are also considering the inclusion of a doctoral student in computer science, who will be joining the project.

5. **Challenges and Decisions**: The team is navigating the balance between theoretical rigor and practical implementation, with a focus on ensuring that their work is both innovative and grounded in real-world applications. They are also discussing the importance of collaboration and the need for clear communication and planning to ensure the project's success.

6. **Academic and Professional Networks**: The conversation highlights the importance of connecting with other researchers and institutions to enhance the project's impact and reach. There is a mention of potential collaborations with universities in Germany and Switzerland, emphasizing the international aspect of the research.

7. **Research and Development**: The group is committed to exploring new ideas and ensuring that their work is both technically and conceptually robust, with a focus on making their findings accessible and applicable to real-world problems. The discussion also touches on the challenges of balancing theoretical and practical aspects of their research."
adakv,2,sink4,6.504065040650407,0.06217616580310881,0.3697113483590352,False,"The conversation between Professor C and their team discusses the planning and execution of a research project involving formalization and belief-net analysis. Key points include:

1. **Project Goals**: The team is working on a project that involves formalizing a belief-net system, which is a complex task requiring both theoretical and practical implementation. The goal is to build a system that can analyze and model belief systems, possibly with applications in AI or computer science.

2. **Team Dynamics**: The team includes members like Robert (a student), Ami (a doctoral student), and others. Robert is described as having a strong commitment to a particular theory, even if it means working within a limited framework. The team is also considering whether to formalize the belief-net system as a separate project or integrate it with a larger effort on formalization.

3. **Research and Collaboration**: The team is discussing potential collaborations, including a doctoral student named Eva, who is joining the project. There is also mention of a student named Ami, who is invited to consult with a bank in Geneva, which has ties to a research institute there. The team is considering a visit to Switzerland for collaboration.

4. **Challenges and Deadlines**: The team is working on a project with a tight deadline, with the belief-net analysis expected to be completed by the end of the semester. There is a mention of a final exam (take-home final) for a student, which adds to the workload.

5. **Technical and Philosophical Considerations**: The discussion touches on the balance between theoretical rigor (purism) and practical implementation. The team is also considering the formalization of concepts, which is a key part of the project.

6. **Future Steps**: The team plans to finalize the belief-net analysis and determine whether it will be a separate project or integrated with the larger formalization effort. They also plan to discuss the project with Ellen, who is working on image schemas, and to organize a reading group for students.

7. **Collaboration and Communication**: The team emphasizes the importance of collaboration and communication, especially with international partners in Switzerland and Germany. There is a mention of potential meetings in Geneva and Zurich, highlighting the international nature of the project.

The conversation reflects a structured yet dynamic approach to research, balancing theoretical and practical aspects, with a focus on collaboration and clear communication."
adakv,3,baseline,12.903225806451612,0.07103825136612019,0.3694581280788177,False,"The meeting concluded with a discussion on the project's presentation and the challenges faced during the design and marketing process. The team reviewed the prototype, which was initially simple but required refinement. They discussed the importance of user feedback and the need for a more polished presentation. The project manager emphasized the need for a clear and professional approach to the final presentation, while the industrial designer and marketing team highlighted the importance of a functional and visually appealing design. The team acknowledged the need for a more structured and engaging presentation, with the marketing team suggesting the inclusion of a more professional background and the use of a consistent design language. The project manager noted the importance of aligning the presentation with the product's core features and the need for a clear message. The team agreed to finalize the presentation and move forward with the final report, incorporating the feedback received. The meeting ended with a decision to celebrate the successful completion of the project, with the team expressing a sense of accomplishment and the need to maintain a professional and engaging presentation style."
adakv,3,sink4,9.45945945945946,0.050909090909090904,0.3621483375959079,False,"The meeting concluded with a discussion on the project's final presentation and the team's reflections on the design and marketing strategies. Key points included:

1. **Design and Marketing Feedback**:  
   - The team discussed the product's design, noting that it looked like a ""happy face"" and was a ""huge disaster"" if not refined.  
   - Marketing emphasized the need for a more polished, professional look, while the Industrial Designer highlighted the importance of simplicity and avoiding unnecessary complexity.  
   - The team agreed that the product's design should focus on functionality and clarity, avoiding overly flashy elements.  

2. **Project Evaluation**:  
   - The project was evaluated based on technical feasibility and user feedback, with the Industrial Designer questioning the value of the design phase.  
   - Marketing stressed the importance of aligning the product's design with its functional purpose, avoiding overcomplication.  

3. **Team Collaboration**:  
   - The team acknowledged the challenges of balancing creativity with practicality, especially in a fast-paced, internet-driven environment.  
   - The Industrial Designer and Marketing team debated the role of ""filler words"" and the need for concise, meaningful communication.  

4. **Final Steps**:  
   - The project evaluation was documented, with the Project Manager preparing a final report.  
   - The team agreed to end the meeting, with a light-hearted note about celebrating the completion of the project.  

5. **Reflections on Technology and Trends**:  
   - The team reflected on the evolution of technology, noting the internet's ubiquity and its impact on communication and design.  
   - The discussion highlighted the importance of staying grounded in practicality while embracing innovation.  

The meeting ended with a sense of accomplishment, though the team acknowledged the need for further refinement and a focus on clarity in future projects."
adakv,4,baseline,4.411764705882352,0.05882352941176472,0.44488977955911824,False,"**Summary of the Meeting:**

The team is discussing the design and development of a new remote control device, focusing on **user interface design**, **product evaluation**, and **trend analysis**. The key points discussed include:

1. **Product Features and Design:**
   - The remote control should have **speech recognition** and **buttons** with **themes like fruits or vegetables**.
   - The design should be **fancy**, **spongy**, and **titanium-like** to align with current trends.
   - The remote should be **sustainable**, using **rubber** or **titanium** materials.
   - The device should have **a curved shape** and **a spongy, fruity-like texture**.

2. **Trend Analysis:**
   - The team agrees that the remote control should be **fancy** and **modern**, as it is a **novel concept** that **others may not have**.
   - The **spongy, fruity-like** design is a **trend** that could make the product **marketable**.
   - The **titanium smell** and **curved shape** are considered to be **fancy** and **modern**.

3. **User Experience and Functionality:**
   - The remote should have **minimal buttons** and **clear output** to show what actions are being taken.
   - The team is considering **two options**: a **spongy, fruity-like** design or a **titanium-like** design.
   - The **LCD screen** is to be included, but the team is open to **simpler designs** with fewer buttons.

4. **Marketing and Development:**
   - The team is **exploring** the **titanium and spongy** options for the remote's **material and texture**.
   - The **remote control** is expected to be **user-friendly**, **modern**, and **fancy**, with a **curved shape** and **spongy texture**.
   - The **marketing** team is **interested** in the **fancy** and **modern** design to **stand out** in the market.

5. **Conclusion:**
   - The team agrees that the **remote control** should be **fancy**, **modern**, and **sustainable**, with a **titanium or spongy** design.
   - The **next step** is to **explore** the **two"
adakv,4,sink4,7.518796992481203,0.017094017094017144,0.20639147802929425,False,"The team is working on a new remote control product, focusing on user interface design, product evaluation, and prototype development using modeling clay. The goal is to create a remote control that follows current trends, incorporating features like a speech recognizer, buttons, and a unique design. The team is considering materials and shapes, with discussions around using titanium or spongy materials, and incorporating a fruit-like design. They are also exploring the use of LCD screens and the importance of a user-friendly interface. The team is deciding on the final design and features, ensuring the product is both functional and trendy. The meeting concludes with a plan to explore the two options and finalize the design in the next meeting."
adakv,5,baseline,7.142857142857142,0.03529411764705881,0.2661431064572426,False,"The conversation between Professor D and the students discusses the development and evaluation of a neural network model for speech recognition, focusing on improving performance through various techniques such as using multiple models (MLPs) and feature extraction. The discussion highlights the challenges of training and testing models, the importance of feature selection, and the need for continuous improvement through experimentation. The team is considering integrating new methods, such as multi-band networks and dependency arrows between sub-bands, to enhance the system's accuracy. They also discuss the limitations of current models and the need for further research and testing. The conversation touches on the importance of training data, the role of different training targets, and the potential for combining multiple features and models to achieve better results. The team is also discussing the use of a Linux machine for running experiments and the need for collaboration and testing to refine their approach. The conversation ends with a note about the battery life of the devices and the plan to continue working on the project."
adakv,5,sink4,6.06060606060606,0.03428571428571425,0.28125,False,"The discussion revolves around the development and evaluation of a neural network model for speech recognition, specifically focusing on improving the performance of a system using a combination of traditional methods and neural networks. The team is exploring ways to enhance the system by integrating neural networks with existing features and models, such as the Multi-Band (MB) system. They are considering the use of a multi-band neural network structure, where the arrows between sub-bands are bidirectional rather than unidirectional, to better model asynchronous interactions. The team is also discussing the importance of training data, training targets, and the need for further refinement of the system. They acknowledge the challenges of limited time and resources, and the potential for collaboration with other researchers to improve the system. The conversation touches on the use of a Linux machine for running experiments and the importance of testing and iterating on the model to achieve better results. The discussion concludes with a note on the need for continued improvement and the possibility of combining different approaches to enhance the system's performance."
adakv,6,baseline,10.572687224669602,0.03535353535353536,0.26796875,False,"The discussion revolves around the development of a belief-net system for natural language processing, with a focus on integrating XML data and leveraging existing tools to enhance the system's capabilities. The team is exploring the use of XML for annotating discourse and discourse acts, drawing from projects like Michael's work in MATE. They consider using existing packages, such as SmartKom, to annotate data and build a framework for processing discourse annotations. The goal is to create a system that can handle tasks like navigation, where the system would guide users to specific locations, such as the Powder-Tower, by understanding context and intent. The team is also discussing the importance of using XML for data representation and the need to extract features from annotated data to improve the system's performance. They acknowledge the challenges of integrating different tools and the importance of collaboration to ensure the system can adapt to real-world scenarios, such as navigating to a specific address rather than just the geometric center of a building. The meeting concludes with a plan to review the system and discuss the next steps, including the use of XML for data formatting and the potential for future improvements in the system's capabilities."
adakv,6,sink4,8.040201005025125,0.02409638554216864,0.2281334535617674,False,"The discussion revolves around the development of a belief-net system for natural language processing, with a focus on integrating XML data and leveraging existing tools like SmartKom. The group discusses the importance of using annotated data, such as discourse annotations, to train models that can understand and generate human-like responses. They consider the possibility of using existing packages like MATE for annotation and the need for a standardized format (e.g., XML) to structure the data. The team plans to collaborate on selecting and testing a belief-net package, with the goal of creating a system that can handle tasks like navigation and provide more accurate, context-aware responses. They also touch on challenges like handling ambiguous data and the need for a shared understanding of the system's capabilities. The conversation highlights the importance of iterative development, using real-world examples like the Powder-Tower to illustrate the practical applications of their work. The team agrees to proceed with the project, with plans to test and refine the system in the coming weeks."
adakv,7,baseline,2.564102564102564,0.09523809523809523,0.4342883128694861,False,"The Welsh Government has introduced a new childcare and early education scheme, the **Childcare and Early Education (Wales) Act 2023**, which aims to provide **30 hours of free childcare per week** for eligible families. The scheme is designed to support working parents by offering **10 hours of early education** and **20 hours of childcare** per week, with the **30-hour offer** being available to families with children aged 3 to 5 years. The **10-hour early education** is available to all children, while the **30-hour childcare** is targeted at families with one parent working, or where one parent is on incapacity benefit.

### Key Features of the Scheme:
1. **Eligibility**: 
   - Families with one parent working or on incapacity benefit.
   - Children aged 3 to 5 years.
   - The **10-hour early education** is available to all children, while the **30-hour childcare** is available to eligible families.

2. **Funding and Cost**:
   - The **£4.50 per hour** rate is set to ensure affordability.
   - The **30-hour offer** is more generous than the **10-hour early education**.
   - The **£4.50 per hour** is intended to cover the cost of the childcare, with the **£6,000 minimum wage cap** and **£100,000 cap** on total funding.

3. **Quality and Workforce**:
   - The scheme emphasizes **quality childcare**, with a focus on **registered inspected providers**.
   - There is a push to **increase qualifications and training** for childcare staff to ensure high-quality care.
   - The **Team Around the Family** model is being tested in pilot areas like Gwynedd, where **registered providers** are working with families to ensure a **holistic approach** to child development.

4. **Integration with Other Policies**:
   - The scheme is being **integrated with the UK’s tax-free childcare offer**, which is available to all parents in the UK.
   - The Welsh Government is working to ensure that parents are **aware of both the Welsh and UK childcare offers**, and that providers are informed of the **tax-free childcare** option.

5. **Disadvantaged Families**:
   - The scheme is designed to **support disadvantaged families**, with a focus on **early education** and **child development**."
adakv,7,sink4,1.5228426395939085,0.11876484560570066,0.4775137111517368,False,"The Welsh Government has introduced a new childcare scheme aimed at supporting working parents and improving child development. The scheme, known as the ""Childcare Offer,"" provides 30 hours of free childcare per week for eligible families, with the goal of ensuring that all children have access to high-quality, registered childcare. The scheme is designed to support parents who are working, particularly those in disadvantaged families, and to promote child development through early education and care.

Key aspects of the scheme include:

1. **Eligibility**: The scheme is available to families where one parent is working, and the child is under the age of five. Eligibility is based on the child's birthdate, with the offer available from the term after the child's third birthday.

2. **Quality of Care**: The Welsh Government emphasizes the importance of high-quality childcare, with a focus on registered and inspected providers. The scheme aims to ensure that childcare providers are well-qualified and trained, with a focus on child development and education.

3. **Integration with Other Support**: The scheme is designed to work in conjunction with other support measures, such as the ""Flying Start"" program, which provides early education and support for young children. The Welsh Government is also working to integrate the childcare offer with the UK's tax-free childcare scheme, which is available across the UK.

4. **Affordability and Cost**: The scheme is funded through a combination of public and private funding, with the Welsh Government aiming to ensure that the cost is affordable for families. The scheme includes a £4.50 per hour rate for childcare, which is considered affordable for most families.

5. **Child Development**: The scheme is designed to support child development by providing access to high-quality childcare and early education. The Welsh Government is working to ensure that the scheme supports the development of children in a way that is consistent with broader educational and social goals.

6. **Parental Support**: The scheme is intended to support parents in balancing work and family life, with the goal of ensuring that parents have the flexibility to work while their children receive high-quality care. The Welsh Government is also working to ensure that parents are aware of the available support and how to access it.

The scheme is part of a broader effort to improve childcare and early education in Wales, with the goal of ensuring that all children have access to high-quality care and education that supports their development and well-being. The Welsh Government is also working to address the challenges of affordability, quality, and accessibility in the childcare sector."
adakv,8,baseline,6.956521739130435,0.0,0.21639784946236562,False,"The conversation discusses the performance of different machine learning models, specifically comparing a hybrid system and an embedded training approach for improving speech recognition. The participants are evaluating the effectiveness of using alignments from the Cambridge system versus training their own model. They discuss the importance of feature sets, hidden unit sizes, and training data. The conversation touches on the challenges of training neural networks, the impact of different training methods, and the trade-offs between model complexity and performance. They also discuss the number of hidden units and training data required for optimal results. The conversation ends with a decision to start with a smaller model for testing."
adakv,8,sink4,6.329113924050632,0.018750000000000044,0.24649859943977592,False,"The conversation discusses the performance of a neural network model, specifically a hybrid system combining a speech recognition system with a recurrent neural network (RNN) for improving accuracy. The participants are evaluating whether to use the existing system or train the model from scratch. They discuss the potential benefits of embedded training versus using pre-aligned data. They also talk about the number of hidden units in the neural network, with the consensus being that a two-thousand hidden unit network is a reasonable choice, as it offers a balance between performance and training time. The conversation also touches on the importance of training data and the impact of different feature sets on model performance. The discussion highlights the trade-offs between model complexity and computational efficiency, with the group deciding to start with a two-thousand hidden unit network for testing. The conversation ends with a reference to ""Uncle Bernie's Rule,"" a guideline for determining the appropriate size of neural networks based on training data."
adakv,9,baseline,6.083650190114068,0.14559386973180077,0.4323863636363636,False,"The discussion revolves around the design and functionality of a universal remote control that can perform multiple actions, such as changing channels, adjusting volume, and recording user actions. The team is considering the features and usability of the remote control, with a focus on user interface design, marketing, and project management.

Key points from the discussion include:

1. **Remote Control Functionality**: The remote control should be able to handle multiple actions, such as changing channels, adjusting volume, and recording user actions. The team is considering the number of buttons and the complexity of the interface.

2. **User Interface Design**: The team is discussing the need for a simple and intuitive interface. They are considering features like a ""back"" button, a history of previous actions, and the ability to record user actions for later use.

3. **Marketing and User Experience**: The team is discussing how the remote control can be marketed to users, emphasizing the need for a user-friendly design that meets the needs of different users, including left-handed and right-handed users.

4. **Project Management**: The team is planning to meet again in thirty minutes to discuss the implementation of the remote control, focusing on the technical aspects and user requirements.

5. **Technical Considerations**: The team is considering the technical feasibility of the remote control, including the number of buttons, the complexity of the interface, and the integration of features like history and recording.

In summary, the discussion is about designing a universal remote control that is user-friendly, efficient, and capable of handling multiple functions, with a focus on usability, marketing, and project management."
adakv,9,sink4,10.169491525423728,0.0,0.14984227129337535,False,"The discussion revolves around the design and functionality of a universal remote control with multiple buttons and features. The team is considering the number of buttons, the types of actions (e.g., changing channels, adjusting volume, recording sequences), and the user interface for a remote control. They also discuss the importance of user requirements, the need for a simple and intuitive design, and the possibility of integrating features like history tracking, undo functionality, and compatibility with different devices. The meeting concludes with a plan to meet again in thirty minutes to refine the ideas and specifications."
